place_fips,place_name,state,pop_2010,asthma_prev,copd_prev,chd_prev,stroke_prev,smoking_prev,diabetes_prev,inactivity_prev,phlth_prev,mhlth_prev,year
0107000,Birmingham,AL,212237,12.1,9.2,7.3,5.1,22.2,16.2,38.1,17.1,16.8,2019
0135896,Hoover,AL,81619,9.2,5.4,4.7,2.3,13.2,8.1,24.0,10.2,11.5,2019
0137000,Huntsville,AL,180105,10.8,7.8,6.4,3.5,19.0,11.4,30.7,14.4,15.1,2019
0150000,Mobile,AL,195111,11.5,8.5,7.1,4.2,21.2,13.5,35.7,15.6,16.3,2019
0151000,Montgomery,AL,205764,11.4,8.7,7.0,4.2,21.4,14.3,35.1,16.2,15.8,2019
0177256,Tuscaloosa,AL,90468,11.2,8.7,7.0,4.2,20.6,13.7,35.4,15.7,16.4,2019
0203000,Anchorage,AK,291826,8.9,4.8,5.0,2.6,17.2,8.1,21.4,11.0,11.0,2019
0404720,Avondale,AZ,76238,10.3,6.2,5.8,3.1,17.2,11.3,28.3,13.7,13.5,2019
0412000,Chandler,AZ,236123,9.8,5.0,4.6,2.4,13.9,7.9,21.3,10.3,11.2,2019
0427400,Gilbert,AZ,208453,9.7,4.7,4.3,2.2,13.5,7.2,19.6,9.6,10.9,2019
0427820,Glendale,AZ,226721,10.7,6.8,5.8,3.1,18.5,10.3,27.9,13.9,14.2,2019
0446000,Mesa,AZ,439041,10.6,6.5,5.5,2.9,17.7,9.0,25.4,12.8,13.5,2019
0454050,Peoria,AZ,154065,10.2,5.6,4.8,2.5,15.7,7.9,22.4,11.0,12.2,2019
0455000,Phoenix,AZ,1445632,10.5,6.5,5.7,3.1,17.8,10.4,27.5,13.7,13.9,2019
0465000,Scottsdale,AZ,217385,9.7,4.5,4.2,2.1,12.4,6.6,18.2,9.1,10.5,2019
0471510,Surprise,AZ,117517,10.3,5.6,4.8,2.5,16.3,8.0,22.9,11.2,12.5,2019
0473000,Tempe,AZ,161719,10.1,5.6,5.1,2.7,15.8,8.7,23.2,11.6,12.5,2019
0477000,Tucson,AZ,520116,10.1,6.7,5.9,3.2,19.7,10.2,26.9,14.3,14.4,2019
0485540,Yuma,AZ,93064,9.8,6.7,6.0,3.2,17.0,11.4,27.2,14.3,13.6,2019
0523290,Fayetteville,AR,73580,8.9,6.8,6.1,3.0,19.1,9.1,28.0,12.5,14.1,2019
0524550,Fort Smith,AR,86209,9.9,8.8,7.4,3.8,25.3,12.0,37.6,16.1,17.1,2019
0535710,Jonesboro,AR,67263,9.8,7.5,6.4,3.3,21.6,10.1,33.7,14.2,15.3,2019
0541000,Little Rock,AR,193524,9.7,6.5,5.9,3.5,19.4,11.1,31.3,12.6,13.3,2019
0566080,Springdale,AR,69797,9.3,8.1,7.0,3.5,22.3,10.9,34.2,15.3,16.0,2019
0600562,Alameda,CA,73812,8.4,3.9,4.0,2.2,11.3,7.5,16.4,9.0,10.1,2019
0600884,Alhambra,CA,83089,7.2,3.7,4.5,2.6,11.4,10.9,21.9,10.4,10.1,2019
0602000,Anaheim,CA,336265,8.3,5.1,5.2,2.8,13.5,10.8,22.6,12.2,12.6,2019
0602252,Antioch,CA,102372,9.7,5.7,5.3,3.0,15.1,10.1,21.8,12.4,13.5,2019
0602364,Apple Valley,CA,69135,9.6,6.6,5.7,3.2,17.0,10.4,24.9,13.5,14.6,2019
0603526,Bakersfield,CA,347483,9.6,6.3,5.8,3.3,16.6,10.8,25.6,13.7,14.2,2019
0603666,Baldwin Park,CA,75390,8.2,4.6,5.4,2.9,13.4,12.4,25.9,13.3,12.6,2019
0604982,Bellflower,CA,76616,9.1,5.3,5.3,3.0,14.2,10.8,23.2,12.6,12.8,2019
0606000,Berkeley,CA,112580,8.7,3.9,4.1,2.3,10.8,7.2,15.5,8.9,10.4,2019
0608786,Buena Park,CA,80530,7.9,4.7,4.9,2.7,12.8,10.6,21.6,11.3,11.8,2019
0608954,Burbank,CA,103340,8.7,4.8,4.6,2.4,12.3,7.8,17.6,10.2,11.3,2019
0611194,Carlsbad,CA,105328,8.3,4.0,3.9,2.0,10.2,6.6,13.9,8.7,9.9,2019
0611530,Carson,CA,91714,8.7,4.2,4.6,2.8,12.4,10.8,21.5,11.0,11.2,2019
0613014,Chico,CA,86187,9.7,6.1,5.4,2.9,15.9,8.6,20.8,12.6,14.1,2019
0613210,Chino,CA,77983,8.4,4.9,5.0,2.7,13.4,10.7,23.6,11.9,12.1,2019
0613214,Chino Hills,CA,74799,7.3,3.5,3.9,2.1,9.8,8.9,18.6,8.8,9.5,2019
0613392,Chula Vista,CA,243916,8.2,4.7,4.9,2.7,12.5,10.9,21.4,12.1,11.7,2019
0613588,Citrus Heights,CA,83301,10.7,6.3,5.2,2.9,16.0,8.9,20.8,12.5,14.1,2019
0614218,Clovis,CA,95631,9.6,5.5,5.0,2.7,14.0,8.8,20.2,11.4,12.5,2019
0615044,Compton,CA,96455,10.8,6.8,6.5,4.5,17.7,14.8,29.3,16.4,15.6,2019
0616000,Concord,CA,122067,9.0,4.9,4.7,2.5,13.2,8.4,19.0,10.9,12.3,2019
0616350,Corona,CA,152374,8.5,5.1,5.0,2.7,13.9,10.2,21.6,11.9,12.9,2019
0616532,Costa Mesa,CA,109960,8.5,5.2,5.0,2.6,13.0,9.0,19.4,11.2,12.2,2019
0617918,Daly City,CA,101123,7.0,3.3,4.0,2.3,10.4,9.9,20.3,9.1,9.4,2019
0619766,Downey,CA,111772,8.4,4.6,4.9,2.6,12.2,10.2,21.9,11.8,11.8,2019
0621712,El Cajon,CA,99478,9.8,7.1,5.9,3.4,18.0,10.4,23.2,14.6,15.0,2019
0622020,Elk Grove,CA,153015,9.5,4.5,4.4,2.5,12.2,9.4,19.2,10.4,11.4,2019
0622230,El Monte,CA,113475,8.4,5.5,6.1,3.4,15.8,13.9,29.0,15.1,13.9,2019
0622804,Escondido,CA,143911,9.1,6.0,5.4,3.0,15.4,10.3,22.6,13.6,13.6,2019
0623182,Fairfield,CA,105321,9.6,5.4,5.0,2.9,14.9,9.7,22.0,11.8,12.7,2019
0624638,Folsom,CA,72203,9.2,4.3,4.1,2.2,11.4,7.3,16.1,9.2,10.5,2019
0624680,Fontana,CA,196069,8.7,5.4,5.5,3.1,14.2,12.4,26.6,13.4,13.2,2019
0626000,Fremont,CA,214089,7.2,3.1,3.6,2.0,9.2,7.6,15.6,7.8,8.4,2019
0627000,Fresno,CA,494665,10.0,6.6,6.3,3.6,16.8,12.4,26.8,15.0,14.8,2019
0628000,Fullerton,CA,135161,7.9,4.5,4.7,2.5,11.9,9.4,19.5,10.5,11.4,2019
0629000,Garden Grove,CA,170883,7.8,5.0,5.3,2.9,13.9,11.6,23.8,12.1,12.2,2019
0630000,Glendale,CA,191719,9.0,5.4,5.0,2.7,13.8,8.4,19.2,11.3,12.3,2019
0632548,Hawthorne,CA,84293,9.7,5.4,5.5,3.4,14.8,12.0,24.4,13.4,13.4,2019
0633000,Hayward,CA,144186,8.8,4.6,4.8,2.7,13.5,9.8,21.2,11.2,11.7,2019
0633182,Hemet,CA,78657,9.8,7.5,6.4,3.5,18.9,11.5,26.2,15.5,16.4,2019
0633434,Hesperia,CA,90173,9.5,7.2,6.4,3.5,17.9,12.0,28.1,15.2,15.5,2019
0636000,Huntington Beach,CA,189992,8.3,4.5,4.4,2.3,11.8,7.6,16.6,9.6,11.2,2019
0636448,Indio,CA,76036,8.8,6.0,5.9,3.1,15.8,12.0,26.1,14.5,14.8,2019
0636546,Inglewood,CA,109673,10.6,5.8,5.7,3.9,15.5,13.0,25.4,14.1,14.0,2019
0636770,Irvine,CA,212375,7.3,3.5,4.0,2.1,9.1,7.8,15.4,8.1,9.2,2019
0639496,Lake Forest,CA,77264,8.1,4.4,4.4,2.3,10.8,7.9,16.5,9.4,10.5,2019
0639892,Lakewood,CA,80048,8.6,4.5,4.4,2.4,12.3,8.4,18.5,10.2,11.1,2019
0640130,Lancaster,CA,156633,10.0,6.7,6.1,3.6,16.9,11.1,24.3,14.1,14.4,2019
0641992,Livermore,CA,80968,8.8,4.4,4.2,2.2,12.2,6.8,16.1,9.4,10.9,2019
0643000,Long Beach,CA,462257,9.2,5.2,5.2,3.0,14.0,10.2,21.9,12.2,12.7,2019
0644000,Los Angeles,CA,3792621,9.0,5.3,5.3,3.1,13.9,10.8,22.7,12.7,12.8,2019
0644574,Lynwood,CA,69772,9.8,6.3,6.6,3.9,16.5,14.6,29.9,16.6,15.4,2019
0645484,Manteca,CA,67096,9.4,6.1,5.4,2.9,15.5,9.6,23.7,12.6,13.7,2019
0646842,Menifee,CA,77519,9.0,5.7,5.2,2.8,15.1,9.5,21.2,12.2,13.5,2019
0646898,Merced,CA,78958,9.7,7.2,6.7,3.8,18.0,13.1,28.8,16.0,15.7,2019
0647766,Milpitas,CA,66790,6.7,3.1,3.8,2.1,9.6,9.3,17.8,8.5,8.6,2019
0648256,Mission Viejo,CA,93305,8.2,4.1,4.0,2.1,10.7,7.0,15.1,8.8,10.4,2019
0648354,Modesto,CA,201165,9.6,6.4,5.7,3.1,16.6,10.5,23.0,13.5,14.8,2019
0649270,Moreno Valley,CA,193365,9.3,5.9,5.7,3.3,16.1,12.6,25.6,14.1,14.5,2019
0649670,Mountain View,CA,74066,7.5,3.3,3.8,2.0,8.7,7.2,14.4,8.0,8.8,2019
0650076,Murrieta,CA,103466,8.7,5.0,4.7,2.5,13.7,8.7,19.1,10.9,12.5,2019
0650258,Napa,CA,76915,9.2,5.4,4.9,2.6,13.7,8.5,19.7,11.4,12.7,2019
0651182,Newport Beach,CA,85186,8.0,3.6,3.8,1.9,9.0,6.1,12.9,7.7,9.4,2019
0652526,Norwalk,CA,105549,8.4,4.8,5.2,2.8,13.2,11.3,23.7,12.6,12.3,2019
0653000,Oakland,CA,390724,9.7,5.0,5.0,3.2,14.2,10.5,21.4,11.8,12.4,2019
0653322,Oceanside,CA,167086,8.9,5.3,4.9,2.7,14.0,9.3,19.8,11.9,12.4,2019
0653896,Ontario,CA,163924,8.7,5.6,5.6,3.1,14.5,12.3,27.0,13.7,13.5,2019
0653980,Orange,CA,136416,8.3,4.9,4.8,2.5,12.5,9.0,19.2,10.7,11.8,2019
0654652,Oxnard,CA,197899,8.9,5.5,5.9,3.1,14.8,13.0,26.1,14.2,14.1,2019
0655156,Palmdale,CA,152750,9.8,6.3,5.9,3.4,16.1,11.5,25.1,14.3,14.4,2019
0656000,Pasadena,CA,137122,8.5,4.3,4.5,2.5,11.2,8.7,18.1,10.2,10.8,2019
0656700,Perris,CA,68386,9.2,6.2,6.4,3.6,16.8,14.2,28.6,15.7,15.4,2019
0657792,Pleasanton,CA,70285,8.0,3.5,3.6,1.9,9.3,6.1,13.6,7.7,8.9,2019
0658072,Pomona,CA,149058,9.0,5.5,5.8,3.3,14.7,12.3,25.7,14.1,13.6,2019
0659451,Rancho Cucamonga,CA,165269,8.4,4.5,4.4,2.4,12.0,9.1,20.1,10.3,11.2,2019
0659920,Redding,CA,89861,10.0,6.6,5.6,3.0,17.5,8.7,20.0,12.9,14.7,2019
0659962,Redlands,CA,68747,8.7,5.0,4.7,2.6,13.1,9.0,21.0,11.1,12.2,2019
0660018,Redondo Beach,CA,66748,8.2,3.6,3.8,1.9,9.4,6.3,13.6,7.9,9.3,2019
0660102,Redwood City,CA,76815,8.3,4.2,4.3,2.3,11.2,8.0,18.6,9.9,10.9,2019
0660466,Rialto,CA,99171,9.4,6.0,5.9,3.5,15.6,13.2,28.5,14.6,14.3,2019
0660620,Richmond,CA,103701,9.9,5.5,5.4,3.4,14.8,11.7,23.6,12.9,13.5,2019
0662000,Riverside,CA,303871,8.9,5.7,5.4,3.0,15.3,10.9,23.5,13.2,13.9,2019
0662938,Roseville,CA,118788,9.1,4.9,4.5,2.4,12.6,7.5,16.4,10.0,11.6,2019
0664000,Sacramento,CA,466488,10.2,5.8,5.4,3.2,14.9,11.3,23.2,12.9,13.5,2019
0664224,Salinas,CA,150441,9.2,6.1,6.1,3.3,16.4,12.9,27.9,15.7,15.0,2019
0665000,San Bernardino,CA,209924,9.8,7.6,7.0,4.2,18.7,14.7,32.0,17.2,16.4,2019
0665042,San Buenaventura (Ventura),CA,106433,9.0,5.0,4.8,2.5,13.2,8.6,18.8,10.9,12.4,2019
0666000,San Diego,CA,1307402,8.3,4.6,4.6,2.6,12.3,9.2,18.6,10.9,11.3,2019
0667000,San Francisco,CA,805235,7.8,3.8,4.3,2.4,11.3,8.8,16.8,9.4,10.2,2019
0668000,San Jose,CA,945942,7.8,3.9,4.3,2.4,11.1,9.2,18.8,10.0,10.3,2019
0668084,San Leandro,CA,84950,8.7,4.7,4.7,2.7,13.5,9.4,20.7,10.9,11.4,2019
0668196,San Marcos,CA,83781,8.7,5.2,4.8,2.6,13.2,9.0,19.3,11.6,12.0,2019
0668252,San Mateo,CA,97207,8.1,4.0,4.1,2.2,10.7,7.9,17.8,9.3,10.4,2019
0668378,San Ramon,CA,72148,7.7,3.1,3.5,1.8,8.1,6.6,13.3,7.2,8.6,2019
0669000,Santa Ana,CA,324528,8.5,5.7,6.1,3.3,15.3,13.8,27.8,15.0,14.4,2019
0669070,Santa Barbara,CA,88410,8.7,4.7,4.6,2.4,12.2,8.3,18.3,10.5,11.5,2019
0669084,Santa Clara,CA,116468,7.5,3.5,3.9,2.1,9.4,7.8,15.8,8.5,9.1,2019
0669088,Santa Clarita,CA,176320,8.7,4.6,4.4,2.3,12.2,7.6,17.5,10.1,11.3,2019
0669196,Santa Maria,CA,99553,9.5,6.6,6.2,3.4,17.1,12.4,27.6,15.6,15.2,2019
0670000,Santa Monica,CA,89736,8.5,3.9,4.0,2.1,9.7,6.6,14.2,8.5,9.8,2019
0670098,Santa Rosa,CA,167815,9.4,5.3,4.8,2.6,13.8,8.2,19.0,11.3,13.0,2019
0672016,Simi Valley,CA,124237,8.8,4.7,4.5,2.3,12.8,8.2,17.9,10.2,11.8,2019
0673080,South Gate,CA,94396,9.0,5.5,6.1,3.2,14.8,13.6,28.4,15.6,14.4,2019
0675000,Stockton,CA,291707,9.4,6.3,6.1,3.6,16.3,12.4,27.7,14.3,14.4,2019
0677000,Sunnyvale,CA,140081,7.1,3.2,3.7,1.9,8.5,7.5,14.8,7.9,8.4,2019
0678120,Temecula,CA,100097,8.5,4.7,4.5,2.4,13.1,8.4,18.4,10.4,12.0,2019
0678582,Thousand Oaks,CA,126683,8.6,4.2,4.2,2.1,11.1,7.4,15.9,9.2,10.9,2019
0680000,Torrance,CA,145438,7.7,3.6,3.9,2.1,10.0,7.6,16.1,8.5,9.4,2019
0680238,Tracy,CA,82922,8.9,5.1,4.9,2.7,13.5,9.5,22.0,11.3,12.3,2019
0680812,Turlock,CA,68549,9.5,6.2,5.6,3.0,16.0,9.9,22.0,13.1,14.4,2019
0680854,Tustin,CA,75540,8.0,4.4,4.5,2.5,11.4,9.2,19.1,10.3,11.1,2019
0681204,Union City,CA,69516,7.4,3.5,4.0,2.3,11.0,9.2,19.0,9.1,9.5,2019
0681344,Upland,CA,73732,8.5,4.9,4.7,2.6,12.8,9.3,21.5,11.0,12.0,2019
0681554,Vacaville,CA,92428,9.5,5.4,5.0,2.7,15.3,8.6,20.3,11.3,12.5,2019
0681666,Vallejo,CA,115942,9.4,5.2,5.1,3.1,14.8,10.6,23.1,11.9,12.5,2019
0682590,Victorville,CA,115903,9.6,6.9,6.3,3.7,17.4,12.9,28.3,15.0,15.0,2019
0682954,Visalia,CA,124442,9.2,6.2,5.7,3.1,14.8,10.1,24.6,13.6,14.3,2019
0682996,Vista,CA,93834,9.0,5.8,5.3,2.9,15.0,10.0,21.8,13.1,13.2,2019
0684200,West Covina,CA,106098,7.8,3.9,4.4,2.5,11.2,9.9,20.6,10.4,10.5,2019
0684550,Westminster,CA,89701,7.7,4.9,5.3,3.0,13.9,11.7,23.6,11.9,12.0,2019
0685292,Whittier,CA,85331,8.3,4.5,4.7,2.5,11.8,9.4,20.4,11.2,11.6,2019
0803455,Arvada,CO,106433,9.4,4.5,4.3,2.3,15.4,6.2,18.2,9.4,11.4,2019
0804000,Aurora,CO,325078,9.5,5.3,5.0,2.9,17.5,9.0,22.8,11.6,12.7,2019
0807850,Boulder,CO,97385,8.7,4.1,4.2,2.2,12.2,6.1,13.4,9.1,10.4,2019
0812815,Centennial,CO,100377,8.4,3.6,3.7,1.9,12.2,5.8,15.1,7.9,9.7,2019
0816000,Colorado Springs,CO,416427,9.9,5.1,4.8,2.6,16.6,7.1,20.5,10.7,12.6,2019
0820000,Denver,CO,600158,9.3,4.6,4.6,2.7,15.3,7.9,19.5,10.7,11.4,2019
0827425,Fort Collins,CO,143986,9.1,4.8,4.5,2.4,14.6,6.5,17.3,10.1,11.6,2019
0832155,Greeley,CO,92889,9.5,5.5,5.3,2.8,17.3,8.5,25.2,12.0,13.4,2019
0843000,Lakewood,CO,142980,9.3,4.7,4.5,2.4,15.5,6.8,19.3,9.9,11.6,2019
0845970,Longmont,CO,86270,9.0,4.8,4.5,2.4,14.5,6.9,16.0,10.5,11.4,2019
0846465,Loveland,CO,66859,9.3,5.0,4.5,2.4,15.7,6.4,17.9,10.4,11.9,2019
0862000,Pueblo,CO,106595,9.7,6.1,5.9,3.2,19.9,10.7,28.6,14.3,14.7,2019
0877290,Thornton,CO,118772,9.7,5.1,4.8,2.6,17.4,8.2,22.0,11.0,12.1,2019
0883835,Westminster,CO,106114,9.4,4.7,4.4,2.4,15.7,7.1,19.5,9.9,11.3,2019
0908000,Bridgeport,CT,144229,10.9,6.7,6.0,3.6,18.1,11.8,29.7,13.2,13.5,2019
0918430,Danbury,CT,80893,9.8,5.8,5.0,2.6,15.7,8.1,23.7,10.6,11.8,2019
0937000,Hartford,CT,124775,11.7,7.6,6.9,4.3,19.4,15.4,35.2,15.6,16.0,2019
0950370,New Britain,CT,73206,10.8,7.3,6.2,3.3,18.4,11.4,30.8,13.7,15.1,2019
0952000,New Haven,CT,129779,11.7,6.9,6.4,3.8,17.9,13.0,31.2,13.5,14.0,2019
0955990,Norwalk,CT,85603,9.5,4.9,4.6,2.5,13.3,7.8,21.3,9.4,10.5,2019
0973000,Stamford,CT,122643,9.2,4.6,4.4,2.4,12.5,7.8,20.8,9.0,10.0,2019
0980000,Waterbury,CT,110366,11.9,8.0,6.8,3.7,20.6,12.2,32.9,14.7,15.7,2019
1077580,Wilmington,DE,70851,12.0,8.2,6.5,4.4,22.4,14.3,38.0,16.0,16.8,2019
1150000,Washington,DC,601723,9.9,5.4,4.7,3.4,16.2,9.5,24.6,9.6,11.1,2019
1207300,Boca Raton,FL,84392,7.7,5.9,5.2,2.5,15.2,7.3,23.7,10.4,11.7,2019
1207875,Boynton Beach,FL,68217,9.0,8.2,6.4,3.5,20.8,10.2,31.3,13.9,14.6,2019
1210275,Cape Coral,FL,154305,8.2,7.9,6.3,3.0,18.9,9.3,28.1,13.3,14.4,2019
1212875,Clearwater,FL,107685,8.8,8.2,6.3,3.3,20.9,9.4,28.0,13.6,14.9,2019
1214400,Coral Springs,FL,121096,8.3,6.6,5.5,2.9,15.3,8.6,27.1,11.7,12.6,2019
1216475,Davie,FL,91992,8.0,6.5,5.5,2.8,15.1,8.4,27.1,11.8,12.6,2019
1216725,Deerfield Beach,FL,75018,9.2,8.6,6.5,3.7,20.0,9.9,31.7,14.4,15.2,2019
1217200,Deltona,FL,85182,8.9,8.4,6.7,3.4,22.1,11.1,30.8,14.4,15.3,2019
1224000,Fort Lauderdale,FL,165521,8.8,7.7,6.3,3.6,18.3,9.7,29.7,13.3,14.1,2019
1225175,Gainesville,FL,124354,8.7,8.2,6.5,3.7,19.0,10.9,29.2,14.0,14.8,2019
1230000,Hialeah,FL,224669,7.2,6.9,7.4,3.6,18.9,15.3,40.2,16.8,15.6,2019
1232000,Hollywood,FL,140768,8.5,7.5,6.2,3.3,17.6,9.9,31.0,13.6,14.1,2019
1235000,Jacksonville,FL,821784,9.4,8.4,6.4,3.7,21.5,11.3,31.1,14.2,14.4,2019
1238250,Lakeland,FL,97422,9.2,9.2,6.9,3.8,22.4,11.3,31.9,14.9,15.9,2019
1239425,Largo,FL,77648,8.9,8.8,6.5,3.3,22.2,9.2,28.6,14.1,15.4,2019
1239550,Lauderhill,FL,66887,10.9,9.6,7.2,5.1,22.8,13.7,37.4,16.6,16.8,2019
1243975,Melbourne,FL,76068,8.6,8.6,6.6,3.4,21.3,9.8,30.7,14.2,15.2,2019
1245000,Miami,FL,399457,7.6,7.2,7.2,3.9,19.0,14.4,36.8,15.7,15.0,2019
1245025,Miami Beach,FL,87779,6.8,5.6,5.7,2.7,15.0,10.1,27.8,11.6,12.1,2019
1245060,Miami Gardens,FL,107167,9.9,8.5,7.0,4.9,23.4,14.8,37.8,15.9,16.3,2019
1245975,Miramar,FL,122041,8.6,6.0,5.4,3.4,14.8,11.0,29.6,12.1,12.4,2019
1253000,Orlando,FL,238300,8.8,7.8,6.4,3.7,17.9,11.6,30.6,13.9,14.0,2019
1254000,Palm Bay,FL,103190,8.9,8.6,6.6,3.5,22.0,10.4,32.2,14.5,15.5,2019
1254200,Palm Coast,FL,75180,8.8,8.2,6.3,3.3,21.7,9.3,28.8,13.5,15.2,2019
1255775,Pembroke Pines,FL,154750,7.9,6.0,5.4,2.9,13.7,9.5,27.8,11.6,11.9,2019
1257425,Plantation,FL,84955,8.2,6.1,5.2,2.8,14.3,8.2,25.5,11.0,12.0,2019
1258050,Pompano Beach,FL,99845,9.2,8.8,6.8,3.9,21.0,10.4,33.2,15.0,15.6,2019
1258715,Port St. Lucie,FL,164603,8.7,8.2,6.4,3.3,20.9,9.6,30.4,13.7,14.6,2019
1263000,St. Petersburg,FL,244769,9.0,7.9,6.1,3.4,20.3,9.7,27.2,13.1,14.4,2019
1269700,Sunrise,FL,84439,8.9,7.3,6.0,3.5,17.2,10.3,30.6,13.3,13.7,2019
1270600,Tallahassee,FL,181376,8.9,7.3,5.8,3.5,18.3,9.8,26.8,12.6,13.7,2019
1271000,Tampa,FL,335709,8.8,7.9,6.5,3.7,19.7,11.2,29.8,14.2,14.8,2019
1276600,West Palm Beach,FL,99919,8.7,7.8,6.5,3.6,19.9,11.0,31.7,14.0,14.3,2019
1301052,Albany,GA,77434,11.1,9.0,7.3,5.1,24.3,15.5,40.5,15.5,16.2,2019
1303440,Athens,GA,115452,9.5,7.6,6.6,3.9,20.0,12.1,34.3,13.2,14.3,2019
1304000,Atlanta,GA,420003,9.3,6.4,6.0,4.1,16.8,12.2,29.5,11.3,12.0,2019
1304204,Augusta,GA,195844,10.2,8.2,6.8,4.4,22.4,13.7,36.4,13.9,14.9,2019
1319000,Columbus,GA,189885,9.9,7.6,6.4,4.1,21.8,12.7,35.2,13.2,14.3,2019
1342425,Johns Creek,GA,76728,7.1,3.9,4.1,2.0,10.6,7.0,20.5,7.2,8.5,2019
1349000,Macon,GA,91351,11.2,9.6,7.7,5.4,24.9,16.0,41.8,16.1,16.6,2019
1367284,Roswell,GA,88346,7.8,4.7,4.5,2.3,13.0,7.3,23.1,8.6,10.1,2019
1368516,Sandy Springs,GA,93853,8.0,4.7,4.6,2.3,12.6,7.5,22.8,8.5,10.0,2019
1369000,Savannah,GA,136286,9.9,7.7,6.5,4.3,21.2,13.2,35.2,13.3,14.0,2019
1380508,Warner Robins,GA,66588,9.8,7.9,6.7,3.9,20.6,12.0,35.2,13.2,14.3,2019
0015003,Honolulu,HI,953207,8.9,3.6,4.0,2.5,13.9,10.5,23.4,10.4,10.5,2019
1608830,Boise City,ID,205671,9.3,4.8,5.1,2.6,14.0,7.5,20.7,10.5,11.9,2019
1652120,Meridian,ID,75092,9.3,4.6,4.9,2.5,13.8,7.2,20.1,10.1,11.6,2019
1656260,Nampa,ID,81557,10.2,6.4,5.9,3.3,17.5,10.2,29.0,13.9,14.0,2019
1702154,Arlington Heights,IL,75101,7.9,4.9,4.3,2.1,13.2,6.6,18.8,8.4,9.9,2019
1703012,Aurora,IL,197899,9.1,6.6,6.0,3.0,16.9,11.4,25.9,12.6,12.8,2019
1706613,Bloomington,IL,76610,9.2,6.1,5.3,2.6,16.3,8.8,23.0,10.5,11.9,2019
1707133,Bolingbrook,IL,73366,9.0,5.5,5.1,2.7,15.1,10.5,23.9,10.5,11.3,2019
1712385,Champaign,IL,81055,9.0,6.1,5.4,2.8,16.4,9.5,24.9,10.9,12.2,2019
1714000,Chicago,IL,2695598,9.1,6.7,5.9,3.6,17.6,12.2,28.2,12.5,12.7,2019
1714351,Cicero,IL,83891,8.4,7.3,6.9,3.5,19.2,14.2,35.4,15.6,14.4,2019
1718823,Decatur,IL,76122,10.7,8.5,6.5,3.6,23.1,11.1,29.8,14.1,15.4,2019
1723074,Elgin,IL,108188,8.8,6.5,5.7,2.8,17.0,10.4,25.5,12.1,12.6,2019
1724582,Evanston,IL,74486,8.3,4.9,4.4,2.4,12.9,7.8,20.0,8.8,10.1,2019
1738570,Joliet,IL,147433,9.8,7.2,6.0,3.2,19.0,11.3,27.6,12.7,13.6,2019
1751622,Naperville,IL,141853,8.0,4.1,4.1,1.9,11.4,7.2,16.8,7.9,9.3,2019
1757225,Palatine,IL,68557,7.9,5.2,4.6,2.2,14.0,7.4,20.8,9.2,10.4,2019
1759000,Peoria,IL,115007,10.3,7.5,6.1,3.4,20.4,10.8,27.6,12.9,13.9,2019
1765000,Rockford,IL,152871,10.4,8.3,6.6,3.6,22.8,11.6,30.1,14.8,15.2,2019
1768003,Schaumburg,IL,74227,7.7,5.0,4.4,2.2,13.7,7.4,20.5,8.8,9.9,2019
1772000,Springfield,IL,116250,10.1,7.3,5.8,3.1,20.3,9.9,25.8,12.4,13.8,2019
1779293,Waukegan,IL,89078,9.7,7.5,6.8,3.7,20.2,13.6,31.6,14.4,14.4,2019
1805860,Bloomington,IN,80405,9.6,7.5,6.3,3.1,20.5,10.0,28.0,13.1,15.1,2019
1810342,Carmel,IN,79191,8.5,4.5,4.4,2.0,12.1,7.4,20.4,8.4,9.9,2019
1822000,Evansville,IN,117429,10.8,9.7,7.2,3.7,27.0,11.5,34.6,16.0,17.8,2019
1823278,Fishers,IN,76794,8.7,4.5,4.3,2.0,12.6,7.5,20.6,8.5,10.1,2019
1825000,Fort Wayne,IN,253691,10.6,8.1,6.4,3.4,23.4,11.0,28.8,14.0,15.6,2019
1827000,Gary,IN,80294,12.6,10.3,8.3,5.9,27.9,19.8,40.9,19.4,18.4,2019
1831000,Hammond,IN,80830,10.2,8.9,7.3,3.8,23.7,14.2,35.2,16.8,16.3,2019
1836003,Indianapolis,IN,820445,11.2,8.2,6.6,3.7,21.9,12.2,30.0,14.0,14.8,2019
1840788,Lafayette,IN,67140,10.3,8.5,6.7,3.3,23.0,11.1,32.1,14.6,16.4,2019
1851876,Muncie,IN,70085,11.2,10.1,7.5,3.8,26.8,12.3,35.5,16.3,17.9,2019
1871000,South Bend,IN,101168,10.3,9.1,7.1,4.0,24.7,12.4,34.4,15.8,16.7,2019
1912000,Cedar Rapids,IA,126326,9.2,5.7,5.2,2.7,18.9,8.3,24.0,9.8,11.8,2019
1919000,Davenport,IA,99685,10.1,6.4,5.8,3.0,21.1,9.8,28.8,11.5,12.8,2019
1921000,Des Moines,IA,203433,9.6,6.7,5.9,3.2,20.1,10.1,26.5,11.7,13.3,2019
1938595,Iowa City,IA,67862,8.9,5.2,5.1,2.6,15.3,8.6,22.1,9.6,11.2,2019
1973335,Sioux City,IA,82684,9.7,6.8,5.9,3.1,21.8,9.5,29.3,12.3,13.4,2019
1982425,Waterloo,IA,68406,9.8,6.9,6.1,3.3,22.9,10.0,28.6,12.1,13.2,2019
2036000,Kansas City,KS,145786,10.3,7.7,7.1,4.0,24.1,13.8,39.3,15.0,14.9,2019
2038900,Lawrence,KS,87643,9.0,5.7,5.4,2.7,17.8,9.0,23.9,10.5,11.9,2019
2052575,Olathe,KS,125872,8.7,4.9,4.7,2.3,13.6,8.1,23.5,8.6,9.9,2019
2053775,Overland Park,KS,173372,8.3,4.2,4.2,2.0,11.5,7.3,20.9,7.6,8.9,2019
2071000,Topeka,KS,127473,9.9,6.8,5.9,3.1,22.1,10.8,30.1,12.4,13.2,2019
2079000,Wichita,KS,382368,9.3,6.6,6.2,3.1,20.5,11.5,30.8,12.6,13.8,2019
2146027,Lexington,KY,295803,10.2,8.4,6.7,3.2,20.7,10.6,29.9,13.7,14.3,2019
2148006,Louisville,KY,597337,10.8,9.3,7.0,3.6,23.3,11.5,33.1,15.1,14.9,2019
2205000,Baton Rouge,LA,229493,9.6,7.8,6.7,4.2,22.4,13.4,35.3,15.7,16.6,2019
2239475,Kenner,LA,66702,8.8,7.2,6.2,3.3,21.0,11.9,31.4,14.6,15.0,2019
2240735,Lafayette,LA,120623,9.4,7.8,6.5,3.7,20.9,11.5,30.9,15.0,15.8,2019
2241155,Lake Charles,LA,71993,10.0,8.6,7.3,4.4,24.2,13.4,34.2,16.2,16.6,2019
2255000,New Orleans,LA,343829,9.8,7.5,6.6,4.3,22.1,13.8,30.2,14.8,15.5,2019
2270000,Shreveport,LA,199311,10.0,8.8,7.2,4.6,24.8,14.3,35.4,16.9,17.5,2019
2360545,Portland,ME,66194,10.3,6.0,5.2,2.7,15.5,7.7,20.7,11.1,12.9,2019
2404000,Baltimore,MD,620961,11.2,7.4,6.1,4.4,22.0,13.0,31.8,13.2,15.7,2019
2507000,Boston,MA,617594,10.9,5.9,5.2,3.2,16.7,11.0,25.2,12.2,13.7,2019
2509000,Brockton,MA,93810,12.8,7.9,6.0,3.6,23.3,11.1,31.3,14.9,15.9,2019
2511000,Cambridge,MA,105162,9.6,4.2,4.1,2.2,10.6,7.2,20.1,9.0,10.2,2019
2523000,Fall River,MA,88857,12.6,9.5,6.8,3.6,24.8,10.5,33.1,16.4,17.8,2019
2534550,Lawrence,MA,76377,11.2,7.2,6.8,3.6,18.8,14.4,36.9,16.9,15.7,2019
2537000,Lowell,MA,106519,10.7,7.4,6.0,3.3,18.9,10.5,31.3,14.4,14.9,2019
2537490,Lynn,MA,90329,11.6,7.1,5.9,3.2,18.8,10.9,30.9,14.2,14.5,2019
2545000,New Bedford,MA,95072,12.7,9.3,6.8,3.7,24.0,11.1,33.4,16.6,17.7,2019
2545560,Newton,MA,85146,9.3,3.8,3.7,1.8,9.6,6.0,17.8,8.0,9.5,2019
2555745,Quincy,MA,92271,9.7,5.4,4.7,2.5,16.1,9.0,23.7,10.7,12.1,2019
2562535,Somerville,MA,75754,10.0,5.0,4.5,2.4,12.4,7.5,21.7,10.2,11.3,2019
2567000,Springfield,MA,153060,12.0,8.2,6.9,4.0,21.7,12.9,34.4,17.0,17.4,2019
2582000,Worcester,MA,181045,11.5,7.0,5.8,3.1,19.4,10.4,28.8,14.2,15.4,2019
2603000,Ann Arbor,MI,113934,9.2,4.8,4.7,2.3,12.0,7.3,18.7,9.5,11.4,2019
2621000,Dearborn,MI,98153,11.8,9.8,7.6,3.7,26.1,10.3,29.7,16.1,17.4,2019
2622000,Detroit,MI,713777,14.2,10.5,8.8,6.1,29.3,18.0,39.2,19.2,18.7,2019
2627440,Farmington Hills,MI,79740,9.7,5.2,4.9,2.4,13.6,8.0,20.6,9.5,11.0,2019
2629000,Flint,MI,102434,13.1,11.3,8.8,5.5,28.9,17.2,37.1,19.4,19.6,2019
2634000,Grand Rapids,MI,188040,10.7,7.7,6.3,3.4,19.7,10.9,27.4,14.2,14.9,2019
2642160,Kalamazoo,MI,74262,11.3,8.5,7.0,3.8,23.5,12.0,28.9,15.2,16.5,2019
2646000,Lansing,MI,114297,11.3,8.4,7.0,3.7,22.4,12.2,28.7,15.4,16.3,2019
2649000,Livonia,MI,96942,10.3,6.1,5.3,2.4,18.2,7.4,21.8,10.7,12.5,2019
2669035,Rochester Hills,MI,70995,9.2,4.9,4.6,2.1,13.1,7.2,19.4,9.0,10.7,2019
2674900,Southfield,MI,71739,11.8,6.1,5.5,3.5,16.8,11.7,26.0,11.7,12.8,2019
2676460,Sterling Heights,MI,129699,10.5,7.5,6.3,2.9,22.0,9.2,27.5,13.5,14.7,2019
2680700,Troy,MI,80980,8.8,4.7,4.6,2.1,12.3,7.4,19.2,8.7,10.1,2019
2684000,Warren,MI,134056,11.2,8.8,7.1,3.4,25.6,10.5,31.3,15.5,16.6,2019
2686000,Westland,MI,84094,11.5,8.0,6.4,3.2,23.3,9.7,27.8,13.8,15.2,2019
2688940,Wyoming,MI,72125,10.4,7.9,6.2,3.1,20.4,9.9,27.4,14.0,15.0,2019
2706616,Bloomington,MN,82893,7.6,3.9,4.3,2.3,14.0,6.3,20.9,8.3,9.6,2019
2707966,Brooklyn Park,MN,75781,8.0,4.4,4.8,2.7,15.8,7.8,24.4,9.4,10.3,2019
2717000,Duluth,MN,86265,8.5,5.2,5.6,2.9,20.0,7.9,26.6,11.1,12.0,2019
2743000,Minneapolis,MN,382578,8.0,4.5,5.1,2.9,15.4,8.1,23.7,9.8,10.7,2019
2751730,Plymouth,MN,70576,7.1,3.2,3.9,2.0,11.3,5.6,17.8,7.0,8.3,2019
2754880,Rochester,MN,106769,7.8,4.1,4.8,2.4,14.2,7.6,25.1,8.8,10.1,2019
2758000,St. Paul,MN,285068,8.2,4.9,5.5,3.0,17.8,9.2,29.2,11.1,12.0,2019
2829700,Gulfport,MS,67793,10.0,7.7,6.9,4.1,24.8,12.6,33.0,15.8,15.8,2019
2836000,Jackson,MS,173514,11.2,7.4,7.0,4.9,22.6,15.4,35.8,16.0,15.8,2019
2915670,Columbia,MO,108500,9.2,6.9,5.8,3.0,18.4,9.2,26.0,12.6,13.5,2019
2935000,Independence,MO,116830,9.3,8.6,6.4,3.3,24.8,9.5,29.8,14.7,15.5,2019
2938000,Kansas City,MO,459787,9.5,7.6,6.3,3.7,21.4,11.3,29.9,14.1,14.2,2019
2941348,Lee's Summit,MO,91364,8.4,5.8,4.9,2.5,17.2,7.4,22.2,10.6,11.8,2019
2954074,O'Fallon,MO,79329,8.6,6.0,5.0,2.4,17.5,7.6,23.3,10.8,11.9,2019
2964550,St. Joseph,MO,76780,10.0,9.0,6.7,3.4,25.2,10.0,33.3,15.4,15.9,2019
2965000,St. Louis,MO,319294,10.5,8.6,7.0,4.5,24.0,12.8,31.7,15.3,14.9,2019
2970000,Springfield,MO,159498,9.7,9.1,7.0,3.5,23.9,10.3,31.4,15.7,16.1,2019
3006550,Billings,MT,104170,9.5,5.7,5.0,2.7,19.0,7.0,25.2,11.8,12.7,2019
3050200,Missoula,MT,66788,9.2,5.6,5.2,2.7,18.2,7.1,24.0,11.6,12.4,2019
3128000,Lincoln,NE,258379,8.6,5.2,5.4,2.6,15.5,8.6,22.5,10.1,10.9,2019
3137000,Omaha,NE,408958,8.6,5.7,5.7,3.1,18.3,10.3,25.5,11.3,12.1,2019
3231900,Henderson,NV,257729,9.6,6.2,5.2,2.6,17.7,8.6,24.7,11.5,12.3,2019
3240000,Las Vegas,NV,583756,10.0,7.3,6.1,3.2,20.3,10.9,29.9,14.0,13.9,2019
3251800,North Las Vegas,NV,216961,10.4,7.5,6.3,3.5,21.0,12.4,32.1,14.8,14.4,2019
3260600,Reno,NV,225221,9.8,7.1,5.8,3.0,18.4,8.4,23.5,13.3,14.0,2019
3268400,Sparks,NV,90264,9.9,7.2,5.7,2.9,18.5,8.4,23.7,13.3,14.0,2019
3345140,Manchester,NH,109565,11.2,7.2,5.8,2.9,19.0,9.2,27.6,12.8,14.0,2019
3350260,Nashua,NH,86494,10.7,6.3,5.3,2.6,16.7,8.6,25.4,11.5,12.8,2019
3410000,Camden,NJ,77344,11.0,9.2,8.2,5.4,25.8,20.3,45.4,20.0,18.9,2019
3413690,Clifton,NJ,84136,8.3,5.5,5.1,2.5,14.7,9.7,29.3,11.4,12.7,2019
3421000,Elizabeth,NJ,124969,9.0,7.0,6.7,3.6,19.5,13.5,39.3,15.6,15.9,2019
3436000,Jersey City,NJ,247597,8.5,5.7,5.5,3.2,16.4,12.4,32.6,12.4,12.6,2019
3451000,Newark,NJ,277140,11.1,8.3,7.2,4.6,21.5,16.4,42.0,17.0,16.4,2019
3456550,Passaic,NJ,69781,9.1,7.9,7.6,4.1,20.3,17.0,43.9,18.4,17.4,2019
3457000,Paterson,NJ,146199,9.8,7.8,7.3,4.3,20.4,16.8,42.7,17.5,17.0,2019
3474000,Trenton,NJ,84913,10.7,8.9,7.5,4.9,24.2,16.2,40.9,17.5,17.4,2019
3474630,Union City,NJ,66455,8.3,6.1,6.5,3.2,18.4,15.1,40.2,15.9,15.1,2019
3502000,Albuquerque,NM,545852,10.0,5.2,5.2,2.7,17.2,8.7,22.2,13.2,14.2,2019
3539380,Las Cruces,NM,97618,9.6,5.7,5.7,3.0,17.3,10.7,23.8,14.4,14.2,2019
3563460,Rio Rancho,NM,87521,9.6,5.1,4.8,2.6,16.8,8.1,20.8,11.9,13.2,2019
3570500,Santa Fe,NM,67947,9.0,4.3,4.4,2.4,14.7,7.7,20.1,11.8,12.2,2019
3601000,Albany,NY,97856,10.7,6.7,5.9,3.4,19.3,11.2,28.6,12.9,14.6,2019
3611000,Buffalo,NY,261310,11.8,8.2,7.1,4.2,24.1,13.5,34.9,15.5,16.3,2019
3649121,Mount Vernon,NY,67292,11.6,6.1,5.5,3.6,17.7,12.1,29.3,12.6,14.1,2019
3650617,New Rochelle,NY,77062,9.6,5.2,5.0,2.7,14.4,9.3,25.1,10.9,12.4,2019
3651000,New York,NY,8175133,9.6,5.6,5.6,3.1,16.0,11.1,30.0,12.5,12.9,2019
3663000,Rochester,NY,210565,11.9,8.4,7.1,4.4,23.1,14.1,33.9,16.4,16.8,2019
3665508,Schenectady,NY,66135,11.2,7.9,6.5,3.5,21.9,11.0,31.2,14.5,15.8,2019
3673000,Syracuse,NY,145170,11.6,8.6,7.1,4.1,23.5,12.5,32.2,15.4,17.2,2019
3684000,Yonkers,NY,195976,9.8,5.8,5.5,2.9,16.1,10.5,28.1,12.3,13.6,2019
3702140,Asheville,NC,83393,9.3,6.3,5.3,2.9,17.2,8.7,22.9,11.8,12.8,2019
3710740,Cary,NC,135234,8.1,4.4,4.1,2.1,11.0,7.6,18.0,8.8,9.6,2019
3712000,Charlotte,NC,731424,9.5,6.2,5.3,3.2,15.5,10.6,24.9,12.1,12.5,2019
3714100,Concord,NC,79066,9.7,7.0,5.7,3.2,18.5,9.6,26.1,12.8,13.3,2019
3719000,Durham,NC,228330,10.0,6.2,5.4,3.5,15.8,10.7,25.3,12.5,12.6,2019
3722920,Fayetteville,NC,200564,10.3,7.2,6.0,3.8,19.8,11.9,28.7,14.1,14.3,2019
3725580,Gastonia,NC,71741,10.5,8.3,6.4,3.8,21.4,11.0,31.0,15.2,15.4,2019
3728000,Greensboro,NC,269666,10.1,6.8,5.7,3.5,18.2,10.7,25.9,13.0,13.5,2019
3728080,Greenville,NC,84554,10.3,7.6,6.3,4.0,19.0,11.3,29.5,14.1,14.2,2019
3731400,High Point,NC,104371,10.2,7.6,6.1,3.7,19.9,11.1,27.5,14.1,14.3,2019
3734200,Jacksonville,NC,70145,9.7,7.4,6.0,3.5,20.5,11.2,27.6,13.9,14.1,2019
3755000,Raleigh,NC,403892,9.2,5.6,4.9,2.9,14.3,9.9,22.4,11.1,11.8,2019
3774440,Wilmington,NC,106476,9.7,7.0,5.7,3.3,18.5,9.2,26.4,13.2,14.2,2019
3775000,Winston-Salem,NC,229617,10.2,7.4,6.0,3.7,20.5,11.3,28.8,13.9,14.3,2019
3825700,Fargo,ND,105549,8.3,5.1,5.4,2.6,18.5,8.4,25.8,9.7,10.7,2019
3901000,Akron,OH,199110,10.8,9.4,7.4,4.2,25.6,13.7,37.2,15.6,16.8,2019
3912000,Canton,OH,73007,11.2,10.7,8.2,4.4,28.0,13.7,38.2,17.0,17.6,2019
3915000,Cincinnati,OH,296943,11.0,8.7,7.4,4.3,23.3,14.1,32.6,15.2,16.0,2019
3916000,Cleveland,OH,396815,11.7,10.6,8.5,5.4,28.7,16.6,38.8,18.4,18.2,2019
3918000,Columbus,OH,787033,10.0,7.9,6.5,3.6,22.5,12.1,30.2,13.6,15.0,2019
3921000,Dayton,OH,141527,11.7,10.7,8.4,5.0,27.9,15.9,40.0,17.8,17.8,2019
3961000,Parma,OH,81601,9.6,7.6,6.0,2.8,22.6,9.0,27.5,12.7,14.3,2019
3977000,Toledo,OH,287208,10.7,9.7,7.7,4.1,26.7,14.2,36.2,16.2,16.8,2019
3988000,Youngstown,OH,66982,11.5,11.2,8.7,5.2,29.6,16.8,43.9,18.6,18.8,2019
4009050,Broken Arrow,OK,98850,9.7,6.5,5.5,2.7,17.7,9.0,28.7,11.4,13.7,2019
4023200,Edmond,OK,81405,9.6,5.7,5.2,2.4,14.9,8.3,24.7,10.6,12.6,2019
4041850,Lawton,OK,96867,10.4,8.6,7.2,3.8,22.1,12.4,35.4,15.4,15.8,2019
4052500,Norman,OK,110925,9.5,7.0,6.0,2.9,17.8,9.5,28.1,12.5,14.2,2019
4055000,Oklahoma City,OK,579999,10.4,7.8,6.7,3.4,19.9,11.7,32.6,14.4,15.4,2019
4075000,Tulsa,OK,391906,10.5,8.1,6.6,3.6,20.9,11.5,34.2,14.1,16.0,2019
4105350,Beaverton,OR,89803,9.7,4.6,4.8,2.5,13.6,8.0,20.2,10.9,12.4,2019
4105800,Bend,OR,76639,10.3,4.8,4.8,2.5,14.9,7.1,18.4,10.8,13.0,2019
4123850,Eugene,OR,156185,10.8,5.5,5.3,2.8,17.5,7.7,20.3,12.5,15.1,2019
4131250,Gresham,OR,105594,10.9,6.4,5.8,3.2,21.1,9.1,22.9,13.7,16.3,2019
4134100,Hillsboro,OR,91611,9.8,4.9,5.0,2.6,14.3,8.2,21.0,11.3,12.8,2019
4147000,Medford,OR,74907,11.1,6.5,5.8,3.1,22.0,8.7,22.7,14.2,16.4,2019
4159000,Portland,OR,583776,10.2,4.9,5.0,2.7,16.6,8.0,18.7,11.2,13.6,2019
4164900,Salem,OR,154637,10.7,6.1,5.7,3.0,18.6,9.6,23.2,13.4,15.3,2019
4202000,Allentown,PA,118032,10.7,8.2,7.4,3.8,25.8,13.3,31.4,17.0,17.0,2019
4206088,Bethlehem,PA,74982,9.9,6.5,5.9,2.9,21.5,10.2,26.8,13.4,14.9,2019
4224000,Erie,PA,101786,11.0,8.8,7.4,3.9,27.6,11.5,30.8,16.1,17.7,2019
4260000,Philadelphia,PA,1526006,11.5,7.4,6.8,4.2,24.3,13.5,30.0,15.3,16.1,2019
4261000,Pittsburgh,PA,305704,9.9,6.7,6.1,3.4,21.8,10.3,25.2,12.5,13.9,2019
4263624,Reading,PA,88082,11.0,9.5,8.6,4.6,26.6,16.0,38.7,20.5,18.9,2019
4269000,Scranton,PA,76089,10.6,8.2,6.9,3.5,26.9,10.6,29.7,15.5,16.7,2019
4419180,Cranston,RI,80387,11.4,6.3,5.0,2.6,16.7,8.4,26.1,12.1,13.9,2019
4454640,Pawtucket,RI,71148,12.9,8.2,6.2,3.4,20.4,10.7,31.6,15.4,16.9,2019
4459000,Providence,RI,178042,12.1,7.4,6.3,3.6,18.5,12.7,33.3,15.6,16.2,2019
4474300,Warwick,RI,82672,11.6,6.5,5.3,2.5,17.5,7.8,25.6,11.6,15.0,2019
4513330,Charleston,SC,120083,9.1,5.3,5.0,2.9,15.4,10.3,22.1,10.5,12.7,2019
4516000,Columbia,SC,129272,9.8,7.0,6.5,4.0,19.6,13.3,31.8,13.7,14.8,2019
4548535,Mount Pleasant,SC,67843,8.2,4.3,4.2,2.1,12.3,7.6,17.6,8.4,10.8,2019
4550875,North Charleston,SC,97471,10.3,7.8,6.9,4.3,21.7,14.6,31.1,14.8,16.0,2019
4561405,Rock Hill,SC,66154,10.2,6.9,6.0,3.6,19.3,12.4,27.7,13.4,14.9,2019
4652980,Rapid City,SD,67956,8.9,5.1,5.9,2.9,20.4,9.5,24.0,11.7,11.4,2019
4659020,Sioux Falls,SD,153888,8.3,4.7,5.5,2.6,18.0,8.4,22.7,10.3,10.5,2019
4714000,Chattanooga,TN,167674,11.1,8.7,6.7,3.9,23.5,13.0,31.7,14.8,15.6,2019
4715160,Clarksville,TN,132929,10.4,8.0,6.4,3.4,22.9,11.6,30.9,13.7,14.9,2019
4740000,Knoxville,TN,178874,10.5,9.2,7.0,3.7,24.7,11.6,30.9,14.9,16.1,2019
4748000,Memphis,TN,646889,11.1,9.2,7.1,4.8,24.6,14.9,35.4,16.1,15.8,2019
4751560,Murfreesboro,TN,108755,9.7,7.4,6.0,3.0,20.3,10.6,27.7,12.6,13.5,2019
4752006,Nashville,TN,601222,10.2,7.5,6.1,3.3,19.7,11.4,28.6,13.0,13.8,2019
4801000,Abilene,TX,117063,8.7,6.7,6.3,3.3,19.7,11.5,33.6,13.6,14.4,2019
4801924,Allen,TX,84246,7.6,4.3,4.6,2.3,12.3,8.5,23.8,9.0,10.2,2019
4803000,Amarillo,TX,190695,8.8,6.5,6.2,3.2,19.2,11.5,33.4,13.6,14.4,2019
4804000,Arlington,TX,365438,8.9,5.9,5.9,3.1,16.9,11.4,31.1,12.3,13.3,2019
4805000,Austin,TX,790390,8.0,4.7,5.1,2.6,13.6,9.7,23.6,10.3,11.6,2019
4806128,Baytown,TX,71802,8.5,6.6,6.4,3.4,18.8,12.3,32.4,13.8,14.3,2019
4807000,Beaumont,TX,118296,9.7,6.6,6.4,4.0,19.9,13.8,36.1,13.8,14.5,2019
4810768,Brownsville,TX,175023,8.0,6.1,7.3,3.7,15.3,18.3,39.4,17.6,14.9,2019
4810912,Bryan,TX,76201,9.0,6.6,6.5,3.5,18.5,12.8,32.7,14.7,14.6,2019
4813024,Carrollton,TX,119097,8.1,5.0,5.2,2.7,15.0,10.4,29.5,11.2,12.0,2019
4815976,College Station,TX,93857,8.1,5.3,5.6,2.8,14.5,10.0,26.0,11.5,12.4,2019
4817000,Corpus Christi,TX,305215,8.0,5.5,6.2,3.1,16.7,13.5,35.6,13.2,13.4,2019
4819000,Dallas,TX,1197816,9.2,6.3,6.3,3.7,17.8,13.5,34.5,14.1,14.1,2019
4819972,Denton,TX,113383,8.6,5.8,5.6,2.9,17.1,10.4,30.7,12.2,13.4,2019
4822660,Edinburg,TX,77100,7.4,5.2,6.6,3.3,14.4,16.6,35.8,14.7,13.6,2019
4824000,El Paso,TX,649121,7.6,5.1,6.3,3.1,14.8,15.0,31.8,14.3,13.2,2019
4827000,Fort Worth,TX,741206,9.1,6.3,6.4,3.5,17.6,12.8,33.0,13.4,13.9,2019
4827684,Frisco,TX,116989,7.6,3.9,4.3,2.1,11.4,8.0,22.5,8.5,9.8,2019
4829000,Garland,TX,226876,8.9,6.3,6.1,3.3,17.9,12.1,33.7,13.6,13.9,2019
4830464,Grand Prairie,TX,175396,8.8,5.8,5.9,3.2,16.6,12.1,32.6,12.9,13.2,2019
4835000,Houston,TX,2099451,8.2,5.8,6.3,3.6,17.1,13.3,31.9,13.4,13.4,2019
4837000,Irving,TX,216290,8.5,6.0,6.0,3.2,15.9,11.9,32.0,12.9,12.8,2019
4839148,Killeen,TX,127921,9.1,6.1,6.2,3.5,18.2,13.5,33.0,13.2,13.9,2019
4841464,Laredo,TX,236091,7.9,5.9,7.4,3.7,17.7,18.0,42.5,17.0,15.1,2019
4841980,League City,TX,83560,8.1,4.5,4.7,2.3,15.8,8.6,25.7,9.6,11.2,2019
4842508,Lewisville,TX,95290,8.4,5.5,5.5,2.8,16.0,10.6,30.3,11.8,12.5,2019
4843888,Longview,TX,80455,9.5,7.1,6.4,3.6,20.4,12.2,34.1,14.2,15.1,2019
4845000,Lubbock,TX,229573,8.8,6.2,6.1,3.2,17.5,11.6,32.5,13.3,14.1,2019
4845384,McAllen,TX,129877,7.5,5.2,6.5,3.2,13.8,15.9,34.7,14.4,13.3,2019
4845744,McKinney,TX,131117,8.1,5.0,5.1,2.6,13.9,9.2,26.2,10.3,11.3,2019
4847892,Mesquite,TX,139824,9.5,6.7,6.2,3.4,18.8,11.9,33.6,13.8,14.4,2019
4848072,Midland,TX,111147,8.3,5.3,5.3,2.7,15.6,10.4,29.8,11.6,12.5,2019
4848768,Mission,TX,77058,7.7,5.6,6.6,3.3,14.5,15.5,35.3,14.6,13.7,2019
4848804,Missouri City,TX,67358,8.3,4.2,4.6,2.7,13.2,10.9,27.0,9.7,10.5,2019
4853388,Odessa,TX,99940,8.6,6.0,6.1,3.1,17.7,12.2,34.4,13.4,13.7,2019
4856000,Pasadena,TX,149043,8.0,6.5,6.6,3.3,18.3,12.7,33.9,14.4,14.4,2019
4856348,Pearland,TX,91252,7.8,4.1,4.6,2.3,12.6,9.3,26.9,9.3,10.4,2019
4857200,Pharr,TX,70400,8.0,6.2,7.3,3.7,16.3,18.0,39.9,16.9,15.4,2019
4858016,Plano,TX,259841,7.4,4.1,4.5,2.2,11.7,8.6,23.9,8.9,9.9,2019
4861796,Richardson,TX,99223,7.8,4.4,4.7,2.4,12.8,8.8,25.0,9.6,10.7,2019
4863500,Round Rock,TX,99887,8.0,4.8,5.0,2.5,14.4,10.0,26.3,10.6,11.8,2019
4864472,San Angelo,TX,93200,8.5,5.9,5.9,2.9,17.5,11.4,32.6,12.8,13.4,2019
4865000,San Antonio,TX,1327407,8.0,5.5,6.2,3.1,16.7,13.7,34.8,13.6,13.6,2019
4870808,Sugar Land,TX,78817,6.8,3.5,4.2,2.1,10.9,9.3,24.0,8.2,9.0,2019
4874144,Tyler,TX,96900,9.2,6.6,6.3,3.5,19.3,12.5,32.9,13.6,14.4,2019
4876000,Waco,TX,124805,9.5,7.3,6.9,3.9,20.9,14.0,36.9,15.2,15.8,2019
4879000,Wichita Falls,TX,104553,9.0,7.0,6.7,3.4,20.5,12.4,35.1,14.0,14.5,2019
4943660,Layton,UT,67311,9.0,4.5,5.0,2.5,10.7,8.5,21.5,11.0,11.9,2019
4955980,Ogden,UT,82825,9.9,6.0,6.2,3.3,14.6,10.3,27.2,14.9,15.1,2019
4957300,Orem,UT,88328,8.5,4.7,5.0,2.7,7.9,8.2,22.4,11.3,11.7,2019
4962470,Provo,UT,112488,8.6,4.8,5.1,2.8,8.4,8.6,23.7,12.0,12.6,2019
4965330,St. George,UT,72897,9.3,5.1,5.4,2.8,11.2,8.1,23.3,11.8,13.0,2019
4967000,Salt Lake City,UT,186440,9.2,4.5,5.1,2.7,10.6,8.7,23.5,11.4,11.9,2019
4967440,Sandy,UT,87461,9.1,4.0,4.4,2.3,9.7,6.9,20.0,9.6,10.9,2019
4982950,West Jordan,UT,103712,9.4,4.6,4.8,2.5,11.3,7.9,23.2,11.0,12.1,2019
4983470,West Valley City,UT,129480,9.8,5.8,6.0,3.2,13.6,10.2,28.9,13.8,13.9,2019
5010675,Burlington,VT,42417,10.9,6.1,5.8,2.8,16.1,7.7,20.4,11.4,13.7,2019
5101000,Alexandria,VA,139966,8.8,4.7,4.5,2.4,13.3,8.7,21.8,9.4,10.6,2019
5116000,Chesapeake,VA,222209,9.9,6.1,5.2,2.9,17.3,10.4,26.5,11.1,12.6,2019
5135000,Hampton,VA,137436,10.8,6.9,5.8,3.6,21.8,12.8,29.2,12.6,13.5,2019
5147672,Lynchburg,VA,75568,10.3,7.6,6.1,3.5,20.7,11.8,29.8,13.3,14.6,2019
5156000,Newport News,VA,180719,10.3,7.1,5.9,3.5,20.7,12.2,29.2,12.9,13.7,2019
5157000,Norfolk,VA,242803,10.5,7.2,6.1,3.8,20.6,13.2,29.5,12.9,13.8,2019
5164000,Portsmouth,VA,95535,10.8,7.4,5.9,3.8,21.9,13.0,30.6,13.2,14.2,2019
5167000,Richmond,VA,204214,10.6,7.6,6.3,4.2,20.8,13.8,29.6,13.9,14.3,2019
5168000,Roanoke,VA,97032,10.4,8.2,6.4,3.7,23.1,11.7,32.9,14.3,15.3,2019
5176432,Suffolk,VA,84585,10.2,6.7,5.6,3.3,19.6,11.2,28.0,12.2,13.1,2019
5182000,Virginia Beach,VA,437994,9.0,5.7,4.9,2.6,17.1,9.1,23.7,10.3,11.7,2019
5303180,Auburn,WA,70180,10.2,6.2,5.5,3.1,15.3,8.6,19.8,12.7,14.5,2019
5305210,Bellevue,WA,122363,8.1,3.5,3.8,2.1,8.3,6.5,13.4,8.1,9.6,2019
5305280,Bellingham,WA,80885,10.4,5.8,5.3,2.8,16.1,8.4,18.0,11.8,13.7,2019
5322640,Everett,WA,103019,10.3,6.4,5.6,3.1,17.8,9.5,23.0,13.7,14.1,2019
5323515,Federal Way,WA,89306,9.8,5.5,5.1,3.0,13.8,8.8,19.3,12.0,13.7,2019
5335275,Kennewick,WA,73917,10.5,6.8,5.7,3.1,17.7,9.1,23.0,14.1,15.0,2019
5335415,Kent,WA,92411,10.1,6.1,5.4,3.2,15.0,9.3,20.7,12.9,14.5,2019
5357745,Renton,WA,90927,9.3,4.8,4.6,2.7,11.9,8.2,17.5,10.6,12.2,2019
5363000,Seattle,WA,608660,9.0,4.1,4.2,2.4,9.9,7.3,14.7,9.3,11.2,2019
5367000,Spokane,WA,208916,11.2,6.9,5.8,3.1,18.7,8.8,22.2,13.6,15.2,2019
5367167,Spokane Valley,WA,89755,11.0,6.5,5.5,2.9,18.1,8.2,21.3,12.8,14.6,2019
5370000,Tacoma,WA,198397,11.3,6.3,5.8,3.1,18.4,10.6,22.8,13.7,14.8,2019
5374060,Vancouver,WA,161791,10.4,6.3,5.5,2.9,17.6,9.4,19.9,12.4,14.0,2019
5380010,Yakima,WA,91067,11.3,7.5,6.5,3.5,18.4,11.7,28.6,16.1,16.1,2019
5414600,Charleston,WV,51400,11.3,9.6,7.1,3.3,22.3,12.9,28.4,14.8,16.5,2019
5502375,Appleton,WI,72623,9.5,5.3,5.1,2.6,18.0,7.8,21.7,11.0,12.1,2019
5531000,Green Bay,WI,104057,10.2,6.1,5.8,3.0,19.8,8.9,24.3,12.3,13.3,2019
5539225,Kenosha,WI,99218,9.9,5.9,5.7,3.0,20.5,8.8,24.6,12.5,13.1,2019
5548000,Madison,WI,233209,9.1,4.2,4.6,2.4,13.7,7.1,18.7,9.4,10.8,2019
5553000,Milwaukee,WI,594833,11.3,6.6,6.3,4.1,22.4,11.3,30.6,14.6,15.3,2019
5566000,Racine,WI,78860,10.7,6.3,6.0,3.4,21.1,10.1,26.5,13.5,13.9,2019
5584250,Waukesha,WI,70718,9.2,4.8,4.9,2.5,16.5,7.5,21.3,10.4,11.7,2019
5613900,Cheyenne,WY,59466,9.6,5.8,5.2,2.6,18.6,8.2,25.6,10.6,11.6,2019
