State,County,Year,Days with AQI,Good Days,Moderate Days,Unhealthy for Sensitive Groups Days,Unhealthy Days,Max AQI,Median AQI,Pct_Good,Pct_Unhealthy
Alabama,Baldwin,2024,355,278,77,0,0,90,40,0.7830985915492957,0.0
Alabama,Clay,2024,354,307,47,0,0,75,29,0.867231638418079,0.0
Alabama,Dekalb,2024,366,277,89,0,0,87,43,0.7568306010928961,0.0
Alabama,Elmore,2024,234,231,3,0,0,58,37,0.9871794871794872,0.0
Alabama,Etowah,2024,362,212,150,0,0,93,47,0.585635359116022,0.0
Alabama,Jefferson,2024,366,95,265,6,0,119,57,0.25956284153005466,0.01639344262295082
Alabama,Lawrence,2024,93,78,15,0,0,86,34,0.8387096774193549,0.0
Alabama,Madison,2024,363,254,109,0,0,100,44,0.699724517906336,0.0
Alabama,Mobile,2024,365,242,123,0,0,80,45,0.663013698630137,0.0
Alabama,Montgomery,2024,358,247,110,1,0,102,42,0.6899441340782123,0.002793296089385475
Alabama,Morgan,2024,366,264,102,0,0,81,44,0.7213114754098361,0.0
Alabama,Russell,2024,277,223,54,0,0,98,42,0.8050541516245487,0.0
Alabama,Shelby,2024,239,216,23,0,0,97,40,0.9037656903765691,0.0
Alabama,Sumter,2024,366,309,57,0,0,73,36,0.8442622950819673,0.0
Alabama,Tuscaloosa,2024,359,318,39,2,0,125,37,0.8857938718662952,0.005571030640668524
Alaska,Aleutians East,2024,92,91,1,0,0,53,13,0.9891304347826086,0.0
Alaska,Anchorage,2024,366,297,69,0,0,90,24,0.8114754098360656,0.0
Alaska,Denali,2024,362,357,5,0,0,77,35,0.9861878453038674,0.0
Alaska,Fairbanks North Star,2024,366,213,128,15,8,325,42,0.5819672131147541,0.06284153005464481
Alaska,Juneau,2024,356,304,52,0,0,84,24,0.8539325842696629,0.0
Alaska,Kenai Peninsula,2024,102,102,0,0,0,42,9,1.0,0.0
Alaska,Matanuska-Susitna,2024,357,329,28,0,0,95,16,0.9215686274509803,0.0
Alaska,North Slope,2024,102,102,0,0,0,32,6,1.0,0.0
Arizona,Apache,2024,352,350,2,0,0,57,14,0.9943181818181818,0.0
Arizona,Cochise,2024,366,225,128,11,1,307,48,0.6147540983606558,0.03278688524590164
Arizona,Coconino,2024,366,253,108,5,0,136,46,0.6912568306010929,0.01366120218579235
Arizona,Gila,2024,366,193,144,27,2,159,50,0.5273224043715847,0.07923497267759563
Arizona,La Paz,2024,363,224,135,4,0,105,47,0.6170798898071626,0.011019283746556474
Arizona,Maricopa,2024,366,33,260,65,7,261,77,0.09016393442622951,0.19672131147540983
Arizona,Mohave,2024,352,347,5,0,0,69,19,0.9857954545454546,0.0
Arizona,Navajo,2024,359,357,2,0,0,53,13,0.9944289693593314,0.0
Arizona,Pima,2024,366,113,241,10,2,171,56,0.3087431693989071,0.03278688524590164
Arizona,Pinal,2024,366,77,219,65,3,337,77,0.2103825136612022,0.18579234972677597
Arizona,Santa Cruz,2024,360,212,140,7,0,494,43,0.5888888888888889,0.019444444444444445
Arizona,Yavapai,2024,366,225,139,2,0,115,47,0.6147540983606558,0.00546448087431694
Arizona,Yuma,2024,365,212,149,3,1,179,47,0.5808219178082191,0.010958904109589041
Arkansas,Arkansas,2024,118,72,46,0,0,98,46,0.6101694915254238,0.0
Arkansas,Ashley,2024,121,77,44,0,0,96,41,0.6363636363636364,0.0
Arkansas,Clark,2024,360,336,24,0,0,93,35,0.9333333333333333,0.0
Arkansas,Crittenden,2024,366,294,67,5,0,133,41,0.8032786885245902,0.01366120218579235
Arkansas,Garland,2024,118,63,55,0,0,97,50,0.5338983050847458,0.0
Arkansas,Jackson,2024,117,83,34,0,0,95,39,0.7094017094017094,0.0
Arkansas,Newton,2024,366,334,32,0,0,87,39,0.912568306010929,0.0
Arkansas,Polk,2024,324,261,62,0,1,167,38,0.8055555555555556,0.0030864197530864196
Arkansas,Pulaski,2024,366,118,242,5,0,205,55,0.3224043715846995,0.01366120218579235
Arkansas,Union,2024,121,62,59,0,0,93,49,0.512396694214876,0.0
Arkansas,Washington,2024,366,304,61,1,0,101,41,0.8306010928961749,0.00273224043715847
California,Alameda,2024,61,52,9,0,0,63,39,0.8524590163934426,0.0
California,Amador,2024,359,281,72,6,0,143,40,0.7827298050139275,0.016713091922005572
California,Butte,2024,366,231,133,0,1,213,46,0.6311475409836066,0.00273224043715847
California,Calaveras,2024,359,261,90,8,0,129,42,0.7270194986072424,0.022284122562674095
California,Colusa,2024,366,68,298,0,0,90,54,0.18579234972677597,0.0
California,Contra Costa,2024,350,183,167,0,0,94,49,0.5228571428571429,0.0
California,Del Norte,2024,288,231,55,2,0,125,32,0.8020833333333334,0.006944444444444444
California,El Dorado,2024,366,261,97,8,0,115,44,0.7131147540983607,0.02185792349726776
California,Fresno,2024,366,71,216,65,14,169,67,0.19398907103825136,0.21584699453551912
California,Glenn,2024,366,292,74,0,0,80,39,0.7978142076502732,0.0
California,Humboldt,2024,366,266,100,0,0,86,38,0.726775956284153,0.0
California,Imperial,2024,366,83,233,42,5,341,63,0.226775956284153,0.1284153005464481
California,Inyo,2024,366,90,246,17,7,1322,61,0.2459016393442623,0.06557377049180328
California,Kern,2024,366,76,196,73,21,177,72,0.20765027322404372,0.2568306010928962
California,Kings,2024,366,100,231,33,2,156,60,0.273224043715847,0.09562841530054644
California,Lake,2024,363,361,2,0,0,67,32,0.9944903581267218,0.0
California,Los Angeles,2024,366,38,195,78,46,230,80,0.10382513661202186,0.33879781420765026
California,Madera,2024,366,163,178,25,0,140,52,0.4453551912568306,0.06830601092896176
California,Marin,2024,140,123,17,0,0,68,28,0.8785714285714286,0.0
California,Mariposa,2024,366,255,105,6,0,133,45,0.6967213114754098,0.01639344262295082
California,Mendocino,2024,366,244,122,0,0,83,43,0.6666666666666666,0.0
California,Merced,2024,366,168,163,34,1,151,52,0.45901639344262296,0.09562841530054644
California,Mono,2024,366,341,25,0,0,69,19,0.9316939890710383,0.0
California,Monterey,2024,366,292,74,0,0,71,39,0.7978142076502732,0.0
California,Nevada,2024,365,313,50,2,0,132,36,0.8575342465753425,0.005479452054794521
California,Orange,2024,366,119,231,13,3,172,54,0.3251366120218579,0.04371584699453552
California,Placer,2024,366,188,151,27,0,140,50,0.5136612021857924,0.07377049180327869
California,Plumas,2024,366,188,162,7,7,253,48,0.5136612021857924,0.03825136612021858
California,Riverside,2024,366,43,176,80,60,213,86,0.11748633879781421,0.3825136612021858
California,Sacramento,2024,366,182,169,15,0,140,51,0.4972677595628415,0.040983606557377046
California,San Benito,2024,366,260,105,1,0,105,43,0.7103825136612022,0.00273224043715847
California,San Bernardino,2024,366,40,182,56,61,593,87,0.1092896174863388,0.319672131147541
California,San Diego,2024,366,47,267,48,4,161,71,0.1284153005464481,0.14207650273224043
California,San Francisco,2024,60,60,0,0,0,38,29,1.0,0.0
California,San Joaquin,2024,366,178,177,11,0,140,51,0.48633879781420764,0.030054644808743168
California,San Luis Obispo,2024,366,193,163,10,0,122,49,0.5273224043715847,0.0273224043715847
California,San Mateo,2024,61,42,19,0,0,64,44,0.6885245901639344,0.0
California,Santa Barbara,2024,366,193,171,2,0,146,49,0.5273224043715847,0.00546448087431694
California,Santa Clara,2024,358,200,157,1,0,111,47,0.5586592178770949,0.002793296089385475
California,Santa Cruz,2024,366,293,73,0,0,80,39,0.8005464480874317,0.0
California,Shasta,2024,366,268,94,3,0,232,44,0.73224043715847,0.00819672131147541
California,Siskiyou,2024,366,285,81,0,0,94,41,0.7786885245901639,0.0
California,Solano,2024,365,343,22,0,0,80,36,0.9397260273972603,0.0
California,Sonoma,2024,366,365,1,0,0,53,11,0.9972677595628415,0.0
California,Stanislaus,2024,366,166,162,38,0,150,53,0.453551912568306,0.10382513661202186
California,Sutter,2024,366,195,166,5,0,115,49,0.5327868852459017,0.01366120218579235
California,Tehama,2024,366,252,112,2,0,109,43,0.6885245901639344,0.00546448087431694
California,Trinity,2024,357,258,98,1,0,113,31,0.7226890756302521,0.0028011204481792717
California,Tulare,2024,366,76,179,83,28,185,71,0.20765027322404372,0.30327868852459017
California,Tuolumne,2024,354,286,64,4,0,115,40,0.807909604519774,0.011299435028248588
California,Ventura,2024,366,191,160,14,1,176,50,0.5218579234972678,0.040983606557377046
California,Yolo,2024,366,238,127,1,0,118,45,0.6502732240437158,0.00273224043715847
Colorado,Adams,2024,366,147,197,20,2,161,55,0.4016393442622951,0.060109289617486336
Colorado,Alamosa,2024,364,324,40,0,0,98,26,0.8901098901098901,0.0
Colorado,Arapahoe,2024,366,196,153,15,2,161,49,0.5355191256830601,0.04644808743169399
Colorado,Archuleta,2024,366,349,17,0,0,80,32,0.953551912568306,0.0
Colorado,Boulder,2024,366,212,144,9,1,154,49,0.5792349726775956,0.0273224043715847
Colorado,Chaffee,2024,161,74,82,5,0,112,51,0.45962732919254656,0.031055900621118012
Colorado,Clear Creek,2024,351,202,139,10,0,136,49,0.5754985754985755,0.02849002849002849
Colorado,Denver,2024,366,129,208,26,3,172,55,0.3524590163934426,0.07923497267759563
Colorado,Douglas,2024,363,208,130,21,4,166,48,0.5730027548209367,0.06887052341597796
Colorado,El Paso,2024,366,202,150,12,2,166,49,0.5519125683060109,0.03825136612021858
Colorado,Fremont,2024,362,354,8,0,0,59,13,0.9779005524861878,0.0
Colorado,Garfield,2024,366,218,143,5,0,133,49,0.5956284153005464,0.01366120218579235
Colorado,Gilpin,2024,363,240,111,12,0,150,48,0.6611570247933884,0.03305785123966942
Colorado,Grand,2024,161,133,28,0,0,93,45,0.8260869565217391,0.0
Colorado,Gunnison,2024,366,243,123,0,0,100,47,0.6639344262295082,0.0
Colorado,Jackson,2024,364,304,57,3,0,105,44,0.8351648351648352,0.008241758241758242
Colorado,Jefferson,2024,366,192,137,30,7,174,50,0.5245901639344263,0.10109289617486339
Colorado,La Plata,2024,366,241,123,1,0,240,46,0.6584699453551912,0.00273224043715847
Colorado,Larimer,2024,366,156,187,21,2,161,54,0.4262295081967213,0.06284153005464481
Colorado,Mesa,2024,366,215,144,7,0,136,48,0.587431693989071,0.01912568306010929
Colorado,Montezuma,2024,366,262,103,1,0,101,45,0.7158469945355191,0.00273224043715847
Colorado,Park,2024,323,172,139,12,0,147,50,0.5325077399380805,0.03715170278637771
Colorado,Pitkin,2024,257,246,11,0,0,76,19,0.9571984435797666,0.0
Colorado,Prowers,2024,366,321,45,0,0,98,25,0.8770491803278688,0.0
Colorado,Pueblo,2024,366,249,109,8,0,143,44,0.680327868852459,0.02185792349726776
Colorado,Rio Blanco,2024,366,266,96,4,0,142,46,0.726775956284153,0.01092896174863388
Colorado,Routt,2024,365,364,1,0,0,53,12,0.9972602739726028,0.0
Colorado,San Juan,2024,101,100,1,0,0,51,11,0.9900990099009901,0.0
Colorado,San Miguel,2024,361,311,50,0,0,97,19,0.8614958448753463,0.0
Colorado,Weld,2024,366,149,196,19,2,164,54,0.40710382513661203,0.05737704918032787
Connecticut,Fairfield,2024,366,248,97,18,3,154,42,0.6775956284153005,0.05737704918032787
Connecticut,Hartford,2024,366,280,79,6,1,185,39,0.7650273224043715,0.01912568306010929
Connecticut,Litchfield,2024,362,305,49,8,0,119,38,0.8425414364640884,0.022099447513812154
Connecticut,Middlesex,2024,209,178,25,5,1,177,40,0.8516746411483254,0.028708133971291867
Connecticut,New Haven,2024,366,260,94,11,1,156,41,0.7103825136612022,0.03278688524590164
Connecticut,New London,2024,365,309,51,5,0,126,37,0.8465753424657534,0.0136986301369863
Connecticut,Tolland,2024,205,184,16,4,1,156,37,0.8975609756097561,0.024390243902439025
Connecticut,Windham,2024,359,340,17,2,0,122,34,0.947075208913649,0.005571030640668524
Country Of Mexico,Sonora,2024,366,131,216,16,3,193,57,0.35792349726775957,0.05191256830601093
Delaware,Kent,2024,336,250,86,0,0,100,41,0.7440476190476191,0.0
Delaware,New Castle,2024,366,246,116,4,0,119,43,0.6721311475409836,0.01092896174863388
Delaware,Sussex,2024,365,298,67,0,0,90,40,0.8164383561643835,0.0
District Of Columbia,District Of Columbia,2024,366,233,129,4,0,133,45,0.6366120218579235,0.01092896174863388
Florida,Alachua,2024,349,300,49,0,0,94,38,0.8595988538681948,0.0
Florida,Baker,2024,359,279,80,0,0,87,42,0.7771587743732591,0.0
Florida,Bay,2024,356,214,141,0,0,215,47,0.601123595505618,0.0
Florida,Brevard,2024,366,311,55,0,0,74,40,0.8497267759562842,0.0
Florida,Broward,2024,366,213,152,0,1,154,47,0.5819672131147541,0.00273224043715847
Florida,Citrus,2024,345,248,96,0,0,272,43,0.7188405797101449,0.0
Florida,Collier,2024,366,279,87,0,0,87,42,0.7622950819672131,0.0
Florida,Columbia,2024,349,220,129,0,0,93,44,0.6303724928366762,0.0
Florida,Duval,2024,366,190,176,0,0,98,50,0.5191256830601093,0.0
Florida,Escambia,2024,366,256,110,0,0,84,43,0.6994535519125683,0.0
Florida,Flagler,2024,354,344,10,0,0,71,35,0.9717514124293786,0.0
Florida,Hamilton,2024,319,215,104,0,0,75,44,0.6739811912225705,0.0
Florida,Highlands,2024,363,333,30,0,0,77,35,0.9173553719008265,0.0
Florida,Hillsborough,2024,362,190,168,4,0,143,50,0.5248618784530387,0.011049723756906077
Florida,Holmes,2024,357,215,142,0,0,73,47,0.6022408963585434,0.0
Florida,Indian River,2024,348,344,4,0,0,64,35,0.9885057471264368,0.0
Florida,Lake,2024,344,312,32,0,0,100,36,0.9069767441860465,0.0
Florida,Lee,2024,360,333,27,0,0,80,36,0.925,0.0
Florida,Leon,2024,355,243,111,1,0,129,44,0.6845070422535211,0.0028169014084507044
Florida,Liberty,2024,330,327,3,0,0,54,31,0.990909090909091,0.0
Florida,Manatee,2024,348,317,30,1,0,115,37,0.9109195402298851,0.0028735632183908046
Florida,Marion,2024,360,189,170,1,0,101,49,0.525,0.002777777777777778
Florida,Martin,2024,357,309,48,0,0,71,39,0.865546218487395,0.0
Florida,Miami-Dade,2024,366,219,143,1,3,197,48,0.5983606557377049,0.01092896174863388
Florida,Okaloosa,2024,366,341,25,0,0,74,36,0.9316939890710383,0.0
Florida,Orange,2024,360,272,86,2,0,121,41,0.7555555555555555,0.005555555555555556
Florida,Osceola,2024,349,314,34,1,0,108,36,0.8997134670487106,0.0028653295128939827
Florida,Palm Beach,2024,366,257,109,0,0,76,43,0.7021857923497268,0.0
Florida,Pasco,2024,354,320,34,0,0,97,39,0.903954802259887,0.0
Florida,Pinellas,2024,360,213,144,3,0,132,48,0.5916666666666667,0.008333333333333333
Florida,Polk,2024,365,282,82,1,0,105,39,0.7726027397260274,0.0027397260273972603
Florida,Putnam,2024,362,329,31,2,0,112,25,0.9088397790055248,0.0055248618784530384
Florida,Santa Rosa,2024,366,235,131,0,0,81,46,0.6420765027322405,0.0
Florida,Sarasota,2024,360,242,117,1,0,115,44,0.6722222222222223,0.002777777777777778
Florida,Seminole,2024,286,204,81,1,0,149,43,0.7132867132867133,0.0034965034965034965
Florida,St. Lucie,2024,362,353,9,0,0,64,35,0.9751381215469613,0.0
Florida,Volusia,2024,360,293,67,0,0,76,39,0.8138888888888889,0.0
Florida,Wakulla,2024,356,261,94,1,0,139,41,0.7331460674157303,0.0028089887640449437
Georgia,Bibb,2024,366,179,185,2,0,123,51,0.4890710382513661,0.00546448087431694
Georgia,Charlton,2024,99,92,7,0,0,81,28,0.9292929292929293,0.0
Georgia,Chatham,2024,365,232,132,1,0,130,44,0.6356164383561644,0.0027397260273972603
Georgia,Chattooga,2024,240,231,9,0,0,77,39,0.9625,0.0
Georgia,Clarke,2024,364,222,140,2,0,126,46,0.6098901098901099,0.005494505494505495
Georgia,Clayton,2024,222,124,96,2,0,128,45,0.5585585585585585,0.009009009009009009
Georgia,Cobb,2024,364,202,162,0,0,86,48,0.554945054945055,0.0
Georgia,Coffee,2024,356,240,115,1,0,137,43,0.6741573033707865,0.0028089887640449437
Georgia,Columbia,2024,172,162,10,0,0,90,36,0.9418604651162791,0.0
Georgia,Dawson,2024,245,225,19,0,1,154,39,0.9183673469387755,0.004081632653061225
Georgia,Dekalb,2024,366,178,182,6,0,133,51,0.48633879781420764,0.01639344262295082
Georgia,Dougherty,2024,366,227,135,4,0,121,45,0.6202185792349727,0.01092896174863388
Georgia,Douglas,2024,244,208,34,2,0,133,41,0.8524590163934426,0.00819672131147541
Georgia,Floyd,2024,361,256,105,0,0,89,38,0.7091412742382271,0.0
Georgia,Fulton,2024,366,186,176,4,0,129,50,0.5081967213114754,0.01092896174863388
Georgia,Glynn,2024,366,286,80,0,0,84,39,0.7814207650273224,0.0
Georgia,Gwinnett,2024,366,159,206,0,1,161,53,0.4344262295081967,0.00273224043715847
Georgia,Hall,2024,366,176,190,0,0,100,52,0.4808743169398907,0.0
Georgia,Henry,2024,364,269,89,6,0,133,40,0.739010989010989,0.016483516483516484
Georgia,Houston,2024,362,247,114,1,0,105,43,0.6823204419889503,0.0027624309392265192
Georgia,Lowndes,2024,342,212,128,1,1,154,44,0.6198830409356725,0.005847953216374269
Georgia,Murray,2024,259,216,43,0,0,77,42,0.833976833976834,0.0
Georgia,Muscogee,2024,366,193,166,7,0,127,49,0.5273224043715847,0.01912568306010929
Georgia,Pike,2024,352,301,47,4,0,126,39,0.8551136363636364,0.011363636363636364
Georgia,Richmond,2024,358,176,181,1,0,105,51,0.49162011173184356,0.002793296089385475
Georgia,Rockdale,2024,244,218,24,2,0,115,39,0.8934426229508197,0.00819672131147541
Georgia,Sumter,2024,244,228,16,0,0,84,38,0.9344262295081968,0.0
Georgia,Walker,2024,363,165,198,0,0,98,52,0.45454545454545453,0.0
Georgia,Washington,2024,361,221,139,1,0,101,44,0.6121883656509696,0.002770083102493075
Hawaii,Hawaii,2024,366,355,11,0,0,75,21,0.9699453551912568,0.0
Hawaii,Honolulu,2024,366,360,6,0,0,85,31,0.9836065573770492,0.0
Hawaii,Maui,2024,364,363,0,1,0,101,21,0.9972527472527473,0.0027472527472527475
Idaho,Ada,2024,366,230,101,28,6,214,44,0.6284153005464481,0.09289617486338798
Idaho,Bannock,2024,366,286,78,2,0,104,39,0.7814207650273224,0.00546448087431694
Idaho,Benewah,2024,365,225,136,4,0,112,43,0.6164383561643836,0.010958904109589041
Idaho,Blaine,2024,359,310,43,4,1,220,19,0.8635097493036211,0.013927576601671309
Idaho,Boise,2024,366,189,128,17,29,265,48,0.5163934426229508,0.12568306010928962
Idaho,Bonner,2024,365,272,89,4,0,125,32,0.7452054794520548,0.010958904109589041
Idaho,Bonneville,2024,364,316,48,0,0,91,22,0.8681318681318682,0.0
Idaho,Butte,2024,357,303,54,0,0,97,42,0.8487394957983193,0.0
Idaho,Canyon,2024,366,248,103,9,6,183,36,0.6775956284153005,0.040983606557377046
Idaho,Custer,2024,90,75,9,5,1,152,8,0.8333333333333334,0.06666666666666667
Idaho,Franklin,2024,358,304,54,0,0,88,22,0.8491620111731844,0.0
Idaho,Idaho,2024,366,237,121,5,2,217,42,0.6475409836065574,0.01912568306010929
Idaho,Kootenai,2024,355,291,63,1,0,109,24,0.819718309859155,0.0028169014084507044
Idaho,Latah,2024,366,297,68,1,0,117,27,0.8114754098360656,0.00273224043715847
Idaho,Lemhi,2024,366,207,143,12,4,198,37,0.5655737704918032,0.04371584699453552
Idaho,Nez Perce,2024,366,276,82,7,1,182,29,0.7540983606557377,0.02185792349726776
Idaho,Shoshone,2024,366,209,156,1,0,112,46,0.5710382513661202,0.00273224043715847
Idaho,Twin Falls,2024,347,264,76,4,3,158,23,0.760806916426513,0.020172910662824207
Idaho,Valley,2024,357,235,113,8,1,155,37,0.6582633053221288,0.025210084033613446
Illinois,Adams,2024,233,210,23,0,0,97,42,0.9012875536480687,0.0
Illinois,Champaign,2024,366,250,116,0,0,100,44,0.6830601092896175,0.0
Illinois,Clark,2024,363,332,31,0,0,90,36,0.9146005509641874,0.0
Illinois,Cook,2024,366,131,224,10,1,166,54,0.35792349726775957,0.030054644808743168
Illinois,Dupage,2024,366,230,136,0,0,97,45,0.6284153005464481,0.0
Illinois,Effingham,2024,240,217,22,1,0,101,41,0.9041666666666667,0.004166666666666667
Illinois,Hamilton,2024,366,236,129,1,0,112,44,0.644808743169399,0.00273224043715847
Illinois,Jersey,2024,333,248,84,1,0,112,42,0.7447447447447447,0.003003003003003003
Illinois,Jo Daviess,2024,349,327,21,1,0,101,36,0.9369627507163324,0.0028653295128939827
Illinois,Kane,2024,328,237,90,1,0,105,42,0.7225609756097561,0.003048780487804878
Illinois,Lake,2024,245,201,39,5,0,140,40,0.8204081632653061,0.02040816326530612
Illinois,Macon,2024,366,238,127,1,0,101,43,0.6502732240437158,0.00273224043715847
Illinois,Macoupin,2024,366,342,23,1,0,105,35,0.9344262295081968,0.00273224043715847
Illinois,Madison,2024,366,193,167,4,2,165,49,0.5273224043715847,0.01639344262295082
Illinois,Mchenry,2024,366,245,120,1,0,108,43,0.6693989071038251,0.00273224043715847
Illinois,Mclean,2024,366,254,111,1,0,112,44,0.6939890710382514,0.00273224043715847
Illinois,Peoria,2024,344,236,108,0,0,100,44,0.686046511627907,0.0
Illinois,Randolph,2024,366,289,77,0,0,100,40,0.7896174863387978,0.0
Illinois,Rock Island,2024,366,277,89,0,0,84,44,0.7568306010928961,0.0
Illinois,Saint Clair,2024,366,218,145,3,0,112,46,0.5956284153005464,0.00819672131147541
Illinois,Sangamon,2024,366,263,102,1,0,105,41,0.7185792349726776,0.00273224043715847
Illinois,Will,2024,365,245,120,0,0,84,44,0.6712328767123288,0.0
Illinois,Winnebago,2024,361,249,109,3,0,119,43,0.6897506925207756,0.008310249307479225
Indiana,Allen,2024,366,229,137,0,0,100,45,0.6256830601092896,0.0
Indiana,Bartholomew,2024,366,262,103,1,0,101,44,0.7158469945355191,0.00273224043715847
Indiana,Boone,2024,359,313,46,0,0,93,36,0.871866295264624,0.0
Indiana,Brown,2024,359,339,20,0,0,77,37,0.9442896935933147,0.0
Indiana,Carroll,2024,361,317,44,0,0,90,36,0.8781163434903048,0.0
Indiana,Clark,2024,366,216,146,4,0,150,47,0.5901639344262295,0.01092896174863388
Indiana,Delaware,2024,366,240,126,0,0,97,44,0.6557377049180327,0.0
Indiana,Dubois,2024,366,265,101,0,0,70,39,0.7240437158469946,0.0
Indiana,Elkhart,2024,366,227,138,1,0,145,45,0.6202185792349727,0.00273224043715847
Indiana,Floyd,2024,360,257,102,0,1,154,43,0.7138888888888889,0.002777777777777778
Indiana,Greene,2024,362,266,96,0,0,97,42,0.7348066298342542,0.0
Indiana,Hamilton,2024,366,244,121,1,0,108,44,0.6666666666666666,0.00273224043715847
Indiana,Hendricks,2024,353,331,22,0,0,80,35,0.9376770538243626,0.0
Indiana,Henry,2024,361,282,79,0,0,75,34,0.7811634349030471,0.0
Indiana,Howard,2024,366,241,125,0,0,93,44,0.6584699453551912,0.0
Indiana,Knox,2024,360,314,46,0,0,90,38,0.8722222222222222,0.0
Indiana,Laporte,2024,366,257,107,2,0,115,41,0.7021857923497268,0.00546448087431694
Indiana,Lake,2024,366,162,199,4,1,166,52,0.4426229508196721,0.01366120218579235
Indiana,Madison,2024,365,263,102,0,0,97,42,0.7205479452054795,0.0
Indiana,Marion,2024,366,134,228,4,0,138,54,0.366120218579235,0.01092896174863388
Indiana,Monroe,2024,359,290,69,0,0,63,34,0.807799442896936,0.0
Indiana,Perry,2024,330,286,44,0,0,90,39,0.8666666666666667,0.0
Indiana,Porter,2024,366,243,121,2,0,112,44,0.6639344262295082,0.00546448087431694
Indiana,Posey,2024,365,340,24,1,0,122,37,0.9315068493150684,0.0027397260273972603
Indiana,Shelby,2024,365,331,34,0,0,87,36,0.9068493150684932,0.0
Indiana,Spencer,2024,169,132,37,0,0,68,34,0.7810650887573964,0.0
Indiana,St. Joseph,2024,366,237,127,2,0,119,45,0.6475409836065574,0.00546448087431694
Indiana,Tippecanoe,2024,345,256,89,0,0,67,35,0.7420289855072464,0.0
Indiana,Vanderburgh,2024,366,227,137,2,0,119,46,0.6202185792349727,0.00546448087431694
Indiana,Vigo,2024,366,204,161,1,0,112,47,0.5573770491803278,0.00273224043715847
Indiana,Wabash,2024,365,324,41,0,0,84,36,0.8876712328767123,0.0
Indiana,Warrick,2024,366,326,39,1,0,101,38,0.8907103825136612,0.00273224043715847
Indiana,Whitley,2024,366,278,88,0,0,70,35,0.7595628415300546,0.0
Iowa,Black Hawk,2024,365,215,150,0,0,87,47,0.589041095890411,0.0
Iowa,Bremer,2024,234,207,27,0,0,74,40,0.8846153846153846,0.0
Iowa,Clinton,2024,365,230,135,0,0,90,46,0.6301369863013698,0.0
Iowa,Harrison,2024,244,208,36,0,0,90,42,0.8524590163934426,0.0
Iowa,Johnson,2024,366,259,107,0,0,83,39,0.7076502732240437,0.0
Iowa,Linn,2024,366,235,131,0,0,79,44,0.6420765027322405,0.0
Iowa,Montgomery,2024,354,272,82,0,0,80,42,0.768361581920904,0.0
Iowa,Muscatine,2024,366,269,97,0,0,78,38,0.7349726775956285,0.0
Iowa,Palo Alto,2024,363,268,95,0,0,96,42,0.7382920110192838,0.0
Iowa,Polk,2024,366,247,119,0,0,93,45,0.674863387978142,0.0
Iowa,Pottawattamie,2024,117,77,40,0,0,75,42,0.6581196581196581,0.0
Iowa,Scott,2024,366,224,142,0,0,90,46,0.6120218579234973,0.0
Iowa,Van Buren,2024,365,227,137,1,0,138,46,0.6219178082191781,0.0027397260273972603
Iowa,Woodbury,2024,284,224,60,0,0,93,43,0.7887323943661971,0.0
Kansas,Chase,2024,102,87,15,0,0,94,31,0.8529411764705882,0.0
Kansas,Ford,2024,366,317,49,0,0,80,26,0.8661202185792349,0.0
Kansas,Johnson,2024,366,257,109,0,0,80,44,0.7021857923497268,0.0
Kansas,Leavenworth,2024,348,327,21,0,0,97,36,0.9396551724137931,0.0
Kansas,Neosho,2024,366,247,116,2,1,168,44,0.674863387978142,0.00819672131147541
Kansas,Sedgwick,2024,366,275,88,2,1,180,43,0.7513661202185792,0.00819672131147541
Kansas,Shawnee,2024,366,246,119,1,0,125,45,0.6721311475409836,0.00273224043715847
Kansas,Sherman,2024,324,271,51,2,0,138,27,0.8364197530864198,0.006172839506172839
Kansas,Sumner,2024,362,232,127,2,1,196,44,0.6408839779005525,0.008287292817679558
Kansas,Trego,2024,365,261,100,4,0,127,44,0.7150684931506849,0.010958904109589041
Kansas,Wyandotte,2024,365,214,148,3,0,126,46,0.5863013698630137,0.00821917808219178
Kentucky,Bell,2024,365,244,121,0,0,88,44,0.6684931506849315,0.0
Kentucky,Boone,2024,230,183,46,1,0,129,43,0.7956521739130434,0.004347826086956522
Kentucky,Boyd,2024,365,275,90,0,0,93,42,0.7534246575342466,0.0
Kentucky,Bullitt,2024,244,201,42,1,0,105,43,0.8237704918032787,0.004098360655737705
Kentucky,Campbell,2024,366,285,78,3,0,108,40,0.7786885245901639,0.00819672131147541
Kentucky,Carter,2024,360,321,39,0,0,62,37,0.8916666666666667,0.0
Kentucky,Christian,2024,360,274,86,0,0,84,42,0.7611111111111111,0.0
Kentucky,Daviess,2024,40,31,9,0,0,62,37,0.775,0.0
Kentucky,Edmonson,2024,364,329,35,0,0,77,38,0.9038461538461539,0.0
Kentucky,Fayette,2024,336,266,70,0,0,77,41,0.7916666666666666,0.0
Kentucky,Greenup,2024,240,221,19,0,0,74,40,0.9208333333333333,0.0
Kentucky,Hancock,2024,229,200,29,0,0,100,44,0.8733624454148472,0.0
Kentucky,Hardin,2024,154,129,25,0,0,67,41,0.8376623376623377,0.0
Kentucky,Jefferson,2024,366,186,168,11,1,156,50,0.5081967213114754,0.03278688524590164
Kentucky,Jessamine,2024,245,200,45,0,0,93,43,0.8163265306122449,0.0
Kentucky,Livingston,2024,243,220,23,0,0,90,42,0.9053497942386831,0.0
Kentucky,Mccracken,2024,363,269,93,1,0,101,42,0.7410468319559229,0.0027548209366391185
Kentucky,Morgan,2024,359,334,25,0,0,64,38,0.9303621169916435,0.0
Kentucky,Oldham,2024,242,194,43,5,0,136,43,0.8016528925619835,0.02066115702479339
Kentucky,Perry,2024,352,290,61,1,0,117,40,0.8238636363636364,0.002840909090909091
Kentucky,Pike,2024,337,285,52,0,0,79,38,0.8456973293768546,0.0
Kentucky,Pulaski,2024,366,292,74,0,0,68,41,0.7978142076502732,0.0
Kentucky,Simpson,2024,242,204,38,0,0,97,43,0.8429752066115702,0.0
Kentucky,Warren,2024,364,290,74,0,0,87,39,0.7967032967032966,0.0
Kentucky,Washington,2024,349,315,34,0,0,74,39,0.9025787965616046,0.0
Louisiana,Ascension,2024,360,331,26,2,1,151,33,0.9194444444444444,0.008333333333333333
Louisiana,Bossier,2024,364,209,152,3,0,111,47,0.5741758241758241,0.008241758241758242
Louisiana,Caddo,2024,357,273,83,1,0,101,41,0.7647058823529411,0.0028011204481792717
Louisiana,Calcasieu,2024,366,194,168,4,0,147,49,0.5300546448087432,0.01092896174863388
Louisiana,East Baton Rouge,2024,366,179,180,6,1,154,51,0.4890710382513661,0.01912568306010929
Louisiana,Iberville,2024,365,270,86,8,1,159,41,0.7397260273972602,0.024657534246575342
Louisiana,Jefferson,2024,366,224,141,0,1,188,46,0.6120218579234973,0.00273224043715847
Louisiana,Lafayette,2024,365,180,183,2,0,108,51,0.4931506849315068,0.005479452054794521
Louisiana,Lafourche,2024,362,197,164,1,0,115,48,0.5441988950276243,0.0027624309392265192
Louisiana,Livingston,2024,366,235,131,0,0,100,44,0.6420765027322405,0.0
Louisiana,Orleans,2024,366,257,108,1,0,105,41,0.7021857923497268,0.00273224043715847
Louisiana,Ouachita,2024,366,292,74,0,0,97,41,0.7978142076502732,0.0
Louisiana,Pointe Coupee,2024,355,328,26,1,0,101,36,0.923943661971831,0.0028169014084507044
Louisiana,Rapides,2024,121,85,35,1,0,102,39,0.7024793388429752,0.008264462809917356
Louisiana,St. Bernard,2024,366,241,123,2,0,138,45,0.6584699453551912,0.00546448087431694
Louisiana,St. James,2024,363,339,21,3,0,108,32,0.9338842975206612,0.008264462809917356
Louisiana,St. John The Baptist,2024,359,320,37,2,0,105,36,0.8913649025069638,0.005571030640668524
Louisiana,St. Martin,2024,332,292,39,1,0,101,38,0.8795180722891566,0.0030120481927710845
Louisiana,St. Tammany,2024,362,291,70,0,1,186,39,0.8038674033149171,0.0027624309392265192
Louisiana,Tangipahoa,2024,127,67,60,0,0,77,47,0.5275590551181102,0.0
Louisiana,Terrebonne,2024,123,85,38,0,0,99,39,0.6910569105691057,0.0
Louisiana,West Baton Rouge,2024,366,198,166,2,0,101,49,0.5409836065573771,0.00546448087431694
Maine,Androscoggin,2024,366,339,27,0,0,77,31,0.9262295081967213,0.0
Maine,Aroostook,2024,366,299,67,0,0,96,35,0.8169398907103825,0.0
Maine,Cumberland,2024,366,291,74,1,0,119,37,0.7950819672131147,0.00273224043715847
Maine,Hancock,2024,366,334,31,1,0,105,37,0.912568306010929,0.00273224043715847
Maine,Kennebec,2024,366,310,56,0,0,77,35,0.8469945355191257,0.0
Maine,Knox,2024,355,343,12,0,0,84,33,0.9661971830985916,0.0
Maine,Oxford,2024,364,326,38,0,0,71,32,0.8956043956043956,0.0
Maine,Penobscot,2024,362,328,34,0,0,84,33,0.9060773480662984,0.0
Maine,Sagadahoc,2024,202,190,12,0,0,93,35,0.9405940594059405,0.0
Maine,Washington,2024,365,351,14,0,0,60,34,0.9616438356164384,0.0
Maine,York,2024,361,346,14,1,0,129,34,0.9584487534626038,0.002770083102493075
Maryland,Anne Arundel,2024,231,186,44,1,0,129,40,0.8051948051948052,0.004329004329004329
Maryland,Baltimore,2024,366,240,121,5,0,115,45,0.6557377049180327,0.01366120218579235
Maryland,Baltimore (City),2024,365,258,101,6,0,112,42,0.7068493150684931,0.01643835616438356
Maryland,Calvert,2024,237,203,33,1,0,108,41,0.8565400843881856,0.004219409282700422
Maryland,Carroll,2024,244,189,55,0,0,93,42,0.7745901639344263,0.0
Maryland,Cecil,2024,360,236,121,3,0,126,44,0.6555555555555556,0.008333333333333333
Maryland,Charles,2024,232,209,21,2,0,119,40,0.9008620689655172,0.008620689655172414
Maryland,Dorchester,2024,366,294,71,1,0,108,40,0.8032786885245902,0.00273224043715847
Maryland,Frederick,2024,243,192,51,0,0,100,43,0.7901234567901234,0.0
Maryland,Garrett,2024,366,311,55,0,0,87,39,0.8497267759562842,0.0
Maryland,Harford,2024,363,262,95,5,1,154,42,0.721763085399449,0.01652892561983471
Maryland,Howard,2024,366,307,59,0,0,75,32,0.8387978142076503,0.0
Maryland,Kent,2024,362,289,71,2,0,105,40,0.7983425414364641,0.0055248618784530384
Maryland,Montgomery,2024,356,271,85,0,0,100,40,0.7612359550561798,0.0
Maryland,Prince George'S,2024,366,280,83,3,0,129,39,0.7650273224043715,0.00819672131147541
Maryland,Washington,2024,362,287,75,0,0,90,40,0.7928176795580111,0.0
Massachusetts,Barnstable,2024,350,330,19,1,0,101,36,0.9428571428571428,0.002857142857142857
Massachusetts,Berkshire,2024,366,300,66,0,0,97,38,0.819672131147541,0.0
Massachusetts,Bristol,2024,366,322,42,2,0,108,38,0.8797814207650273,0.00546448087431694
Massachusetts,Dukes,2024,357,332,24,1,0,108,37,0.9299719887955182,0.0028011204481792717
Massachusetts,Essex,2024,366,300,62,0,2,1513,37,0.819672131147541,0.00546448087431694
Massachusetts,Franklin,2024,365,296,69,0,0,94,36,0.810958904109589,0.0
Massachusetts,Hampden,2024,366,290,74,2,0,119,37,0.7923497267759563,0.00546448087431694
Massachusetts,Hampshire,2024,366,324,40,2,0,112,35,0.8852459016393442,0.00546448087431694
Massachusetts,Middlesex,2024,366,314,52,0,0,93,37,0.8579234972677595,0.0
Massachusetts,Norfolk,2024,366,319,47,0,0,90,39,0.8715846994535519,0.0
Massachusetts,Plymouth,2024,366,319,47,0,0,97,37,0.8715846994535519,0.0
Massachusetts,Suffolk,2024,366,291,75,0,0,78,36,0.7950819672131147,0.0
Massachusetts,Worcester,2024,366,321,45,0,0,90,37,0.8770491803278688,0.0
Michigan,Allegan,2024,351,222,125,4,0,115,46,0.6324786324786325,0.011396011396011397
Michigan,Bay,2024,363,277,86,0,0,73,37,0.7630853994490359,0.0
Michigan,Benzie,2024,245,216,27,2,0,101,38,0.8816326530612245,0.00816326530612245
Michigan,Berrien,2024,241,200,40,1,0,101,41,0.8298755186721992,0.004149377593360996
Michigan,Cass,2024,251,205,45,1,0,108,42,0.8167330677290837,0.00398406374501992
Michigan,Clinton,2024,244,228,16,0,0,80,38,0.9344262295081968,0.0
Michigan,Genesee,2024,347,252,94,1,0,119,42,0.7262247838616714,0.002881844380403458
Michigan,Huron,2024,245,216,28,1,0,119,38,0.8816326530612245,0.004081632653061225
Michigan,Ingham,2024,366,281,85,0,0,85,39,0.76775956284153,0.0
Michigan,Kalamazoo,2024,366,234,132,0,0,100,45,0.639344262295082,0.0
Michigan,Kent,2024,366,180,185,1,0,112,51,0.4918032786885246,0.00273224043715847
Michigan,Keweenaw,2024,101,99,2,0,0,66,13,0.9801980198019802,0.0
Michigan,Lenawee,2024,366,253,113,0,0,97,43,0.6912568306010929,0.0
Michigan,Macomb,2024,366,259,104,3,0,115,42,0.7076502732240437,0.00819672131147541
Michigan,Manistee,2024,154,125,28,1,0,105,33,0.8116883116883117,0.006493506493506494
Michigan,Marquette,2024,224,202,22,0,0,67,19,0.9017857142857143,0.0
Michigan,Mason,2024,244,218,26,0,0,97,37,0.8934426229508197,0.0
Michigan,Missaukee,2024,365,337,28,0,0,84,35,0.9232876712328767,0.0
Michigan,Monroe,2024,59,56,3,0,0,77,18,0.9491525423728814,0.0
Michigan,Muskegon,2024,243,203,36,4,0,122,38,0.8353909465020576,0.01646090534979424
Michigan,Oakland,2024,301,181,119,1,0,101,45,0.6013289036544851,0.0033222591362126247
Michigan,Ottawa,2024,365,257,107,1,0,105,41,0.7041095890410959,0.0027397260273972603
Michigan,Schoolcraft,2024,360,317,43,0,0,93,33,0.8805555555555555,0.0
Michigan,St. Clair,2024,360,261,96,3,0,134,41,0.725,0.008333333333333333
Michigan,Tuscola,2024,364,331,33,0,0,84,34,0.9093406593406593,0.0
Michigan,Washtenaw,2024,366,253,113,0,0,87,43,0.6912568306010929,0.0
Michigan,Wayne,2024,366,120,238,7,1,181,55,0.32786885245901637,0.02185792349726776
Michigan,Wexford,2024,363,341,22,0,0,80,34,0.9393939393939394,0.0
Minnesota,Anoka,2024,366,286,79,1,0,125,41,0.7814207650273224,0.00273224043715847
Minnesota,Becker,2024,365,304,59,1,1,152,36,0.8328767123287671,0.005479452054794521
Minnesota,Beltrami,2024,366,308,54,3,1,177,36,0.8415300546448088,0.01092896174863388
Minnesota,Blue Earth,2024,146,90,56,0,0,80,45,0.6164383561643836,0.0
Minnesota,Carlton,2024,366,326,39,1,0,114,34,0.8907103825136612,0.00273224043715847
Minnesota,Cass,2024,362,313,48,0,1,164,27,0.8646408839779005,0.0027624309392265192
Minnesota,Cook,2024,361,333,25,3,0,138,16,0.9224376731301939,0.008310249307479225
Minnesota,Crow Wing,2024,366,298,67,1,0,137,38,0.8142076502732241,0.00273224043715847
Minnesota,Dakota,2024,366,258,107,0,1,152,38,0.7049180327868853,0.00273224043715847
Minnesota,Goodhue,2024,248,232,16,0,0,67,38,0.9354838709677419,0.0
Minnesota,Hennepin,2024,366,243,119,3,1,166,42,0.6639344262295082,0.01092896174863388
Minnesota,Lake,2024,366,330,35,1,0,110,32,0.9016393442622951,0.00273224043715847
Minnesota,Lyon,2024,366,276,88,2,0,142,40,0.7540983606557377,0.00546448087431694
Minnesota,Mille Lacs,2024,74,73,1,0,0,67,36,0.9864864864864865,0.0
Minnesota,Olmsted,2024,366,234,131,0,1,155,44,0.639344262295082,0.00273224043715847
Minnesota,Ramsey,2024,366,265,100,1,0,128,36,0.7240437158469946,0.00273224043715847
Minnesota,Saint Louis,2024,366,286,77,3,0,114,39,0.7814207650273224,0.00819672131147541
Minnesota,Scott,2024,366,258,107,1,0,138,42,0.7049180327868853,0.00273224043715847
Minnesota,Stearns,2024,366,282,84,0,0,97,39,0.7704918032786885,0.0
Minnesota,Washington,2024,246,241,5,0,0,58,35,0.9796747967479674,0.0
Minnesota,Winona,2024,102,96,6,0,0,63,21,0.9411764705882353,0.0
Minnesota,Wright,2024,366,277,86,3,0,110,41,0.7568306010928961,0.00819672131147541
Mississippi,Bolivar,2024,366,243,123,0,0,98,44,0.6639344262295082,0.0
Mississippi,Desoto,2024,366,208,154,4,0,136,47,0.5683060109289617,0.01092896174863388
Mississippi,Forrest,2024,362,202,159,1,0,103,47,0.5580110497237569,0.0027624309392265192
Mississippi,Hancock,2024,357,245,112,0,0,87,43,0.6862745098039216,0.0
Mississippi,Harrison,2024,361,239,117,4,1,157,44,0.6620498614958449,0.013850415512465374
Mississippi,Hinds,2024,366,203,163,0,0,96,48,0.5546448087431693,0.0
Mississippi,Jackson,2024,363,236,127,0,0,97,44,0.650137741046832,0.0
Mississippi,Lauderdale,2024,243,242,1,0,0,51,36,0.9958847736625515,0.0
Mississippi,Lee,2024,243,216,27,0,0,87,41,0.8888888888888888,0.0
Mississippi,Yalobusha,2024,347,331,16,0,0,80,36,0.9538904899135446,0.0
Missouri,Andrew,2024,260,223,37,0,0,100,43,0.8576923076923076,0.0
Missouri,Boone,2024,259,244,15,0,0,77,39,0.9420849420849421,0.0
Missouri,Buchanan,2024,359,216,143,0,0,77,44,0.6016713091922006,0.0
Missouri,Callaway,2024,262,249,13,0,0,77,40,0.950381679389313,0.0
Missouri,Cass,2024,363,278,84,1,0,107,42,0.7658402203856749,0.0027548209366391185
Missouri,Cedar,2024,357,305,52,0,0,80,40,0.8543417366946778,0.0
Missouri,Clay,2024,359,280,75,4,0,122,41,0.7799442896935933,0.011142061281337047
Missouri,Clinton,2024,257,219,37,1,0,101,41,0.8521400778210116,0.0038910505836575876
Missouri,Greene,2024,360,227,133,0,0,90,45,0.6305555555555555,0.0
Missouri,Jackson,2024,359,213,145,1,0,109,46,0.5933147632311978,0.002785515320334262
Missouri,Jasper,2024,359,289,70,0,0,99,41,0.8050139275766016,0.0
Missouri,Jefferson,2024,360,292,67,1,0,105,40,0.8111111111111111,0.002777777777777778
Missouri,Lincoln,2024,262,222,38,2,0,143,42,0.8473282442748091,0.007633587786259542
Missouri,Monroe,2024,359,350,9,0,0,84,36,0.9749303621169917,0.0
Missouri,Perry,2024,247,214,33,0,0,93,42,0.8663967611336032,0.0
Missouri,Saint Charles,2024,261,191,67,3,0,129,44,0.7318007662835249,0.011494252873563218
Missouri,Saint Louis,2024,362,266,94,2,0,122,43,0.7348066298342542,0.0055248618784530384
Missouri,Sainte Genevieve,2024,248,225,23,0,0,100,43,0.907258064516129,0.0
Missouri,St. Louis City,2024,366,139,217,9,1,156,54,0.3797814207650273,0.0273224043715847
Missouri,Stoddard,2024,96,82,14,0,0,71,30,0.8541666666666666,0.0
Missouri,Taney,2024,98,85,13,0,0,73,28,0.8673469387755102,0.0
Montana,Beaverhead,2024,346,298,46,0,2,180,12,0.861271676300578,0.005780346820809248
Montana,Cascade,2024,87,52,35,0,0,74,46,0.5977011494252874,0.0
Montana,Custer,2024,361,328,31,0,2,153,36,0.9085872576177285,0.00554016620498615
Montana,Dawson,2024,357,321,33,3,0,120,14,0.8991596638655462,0.008403361344537815
Montana,Fergus,2024,366,312,50,3,1,155,40,0.8524590163934426,0.01092896174863388
Montana,Flathead,2024,366,253,113,0,0,95,42,0.6912568306010929,0.0
Montana,Gallatin,2024,365,329,36,0,0,84,18,0.9013698630136986,0.0
Montana,Glacier,2024,346,306,40,0,0,99,23,0.884393063583815,0.0
Montana,Hill,2024,339,314,23,2,0,123,15,0.9262536873156342,0.0058997050147492625
Montana,Lake,2024,97,90,7,0,0,77,11,0.9278350515463918,0.0
Montana,Lewis And Clark,2024,366,233,127,5,1,160,46,0.6366120218579235,0.01639344262295082
Montana,Lincoln,2024,365,185,178,2,0,116,49,0.5068493150684932,0.005479452054794521
Montana,Missoula,2024,366,237,125,3,1,153,43,0.6475409836065574,0.01092896174863388
Montana,Phillips,2024,362,323,37,2,0,147,21,0.8922651933701657,0.0055248618784530384
Montana,Powell,2024,94,83,10,1,0,117,12,0.8829787234042553,0.010638297872340425
Montana,Ravalli,2024,362,254,92,10,6,182,24,0.7016574585635359,0.04419889502762431
Montana,Richland,2024,366,307,54,5,0,118,36,0.8387978142076503,0.01366120218579235
Montana,Roosevelt,2024,85,74,10,1,0,109,13,0.8705882352941177,0.011764705882352941
Montana,Rosebud,2024,366,353,13,0,0,90,4,0.9644808743169399,0.0
Montana,Sanders,2024,364,339,25,0,0,69,21,0.9313186813186813,0.0
Montana,Sheridan,2024,100,85,13,2,0,126,18,0.85,0.02
Montana,Silver Bow,2024,366,258,103,3,2,168,31,0.7049180327868853,0.01366120218579235
Montana,Teton,2024,310,286,23,1,0,101,13,0.9225806451612903,0.0032258064516129032
Montana,Yellowstone,2024,357,272,84,1,0,105,39,0.7619047619047619,0.0028011204481792717
Nebraska,Cass,2024,274,259,15,0,0,68,17,0.9452554744525548,0.0
Nebraska,Douglas,2024,366,233,132,1,0,101,45,0.6366120218579235,0.00273224043715847
Nebraska,Gage,2024,307,224,83,0,0,70,35,0.7296416938110749,0.0
Nebraska,Hall,2024,323,248,75,0,0,80,32,0.7678018575851393,0.0
Nebraska,Knox,2024,327,300,26,1,0,108,36,0.9174311926605505,0.0030581039755351682
Nebraska,Lancaster,2024,283,237,46,0,0,82,41,0.8374558303886925,0.0
Nebraska,Sarpy,2024,348,244,103,1,0,110,37,0.7011494252873564,0.0028735632183908046
Nebraska,Scotts Bluff,2024,320,284,36,0,0,89,16,0.8875,0.0
Nebraska,Sioux,2024,319,254,57,8,0,143,44,0.7962382445141066,0.025078369905956112
Nebraska,Thomas,2024,3,3,0,0,0,22,19,1.0,0.0
Nebraska,Washington,2024,354,268,86,0,0,81,34,0.7570621468926554,0.0
Nevada,Carson City,2024,366,270,95,1,0,105,45,0.7377049180327869,0.00273224043715847
Nevada,Churchill,2024,358,280,77,1,0,105,44,0.7821229050279329,0.002793296089385475
Nevada,Clark,2024,366,90,236,39,1,170,64,0.2459016393442623,0.1092896174863388
Nevada,Douglas,2024,342,308,34,0,0,76,22,0.9005847953216374,0.0
Nevada,Elko,2024,365,318,46,1,0,113,23,0.8712328767123287,0.0027397260273972603
Nevada,Lyon,2024,349,310,39,0,0,90,42,0.8882521489971347,0.0
Nevada,Nye,2024,366,319,44,2,0,247,31,0.8715846994535519,0.00546448087431694
Nevada,Washoe,2024,366,188,174,4,0,119,50,0.5136612021857924,0.01092896174863388
Nevada,White Pine,2024,362,269,91,2,0,105,44,0.7430939226519337,0.0055248618784530384
New Hampshire,Belknap,2024,365,311,54,0,0,78,35,0.852054794520548,0.0
New Hampshire,Cheshire,2024,366,302,64,0,0,93,36,0.825136612021858,0.0
New Hampshire,Coos,2024,365,296,69,0,0,90,44,0.810958904109589,0.0
New Hampshire,Grafton,2024,366,334,32,0,0,80,35,0.912568306010929,0.0
New Hampshire,Hillsborough,2024,366,328,38,0,0,97,37,0.8961748633879781,0.0
New Hampshire,Merrimack,2024,214,205,9,0,0,74,37,0.9579439252336449,0.0
New Hampshire,Rockingham,2024,366,306,59,1,0,122,38,0.8360655737704918,0.00273224043715847
New Jersey,Atlantic,2024,366,302,64,0,0,97,35,0.825136612021858,0.0
New Jersey,Bergen,2024,366,267,89,9,1,156,40,0.7295081967213115,0.0273224043715847
New Jersey,Camden,2024,366,235,127,4,0,115,44,0.6420765027322405,0.01092896174863388
New Jersey,Cumberland,2024,359,290,68,1,0,112,39,0.807799442896936,0.002785515320334262
New Jersey,Gloucester,2024,365,265,92,8,0,129,41,0.726027397260274,0.021917808219178082
New Jersey,Hudson,2024,366,261,102,2,1,151,41,0.7131147540983607,0.00819672131147541
New Jersey,Hunterdon,2024,365,266,99,0,0,100,41,0.7287671232876712,0.0
New Jersey,Mercer,2024,366,246,115,5,0,133,43,0.6721311475409836,0.01366120218579235
New Jersey,Middlesex,2024,365,286,74,5,0,136,36,0.7835616438356164,0.0136986301369863
New Jersey,Monmouth,2024,264,240,23,1,0,119,37,0.9090909090909091,0.003787878787878788
New Jersey,Morris,2024,366,305,59,2,0,108,37,0.8333333333333334,0.00546448087431694
New Jersey,Ocean,2024,366,280,82,4,0,140,41,0.7650273224043715,0.01092896174863388
New Jersey,Passaic,2024,366,269,95,2,0,119,38,0.7349726775956285,0.00546448087431694
New Jersey,Union,2024,366,229,137,0,0,85,43,0.6256830601092896,0.0
New Jersey,Warren,2024,357,284,71,2,0,108,36,0.7955182072829131,0.0056022408963585435
New Mexico,Bernalillo,2024,366,100,233,26,4,443,61,0.273224043715847,0.08196721311475409
New Mexico,Catron,2024,176,155,21,0,0,80,41,0.8806818181818182,0.0
New Mexico,Chaves,2024,94,84,10,0,0,88,30,0.8936170212765957,0.0
New Mexico,Dona Ana,2024,366,97,237,19,6,692,62,0.2650273224043716,0.06830601092896176
New Mexico,Eddy,2024,366,188,142,33,3,179,49,0.5136612021857924,0.09836065573770492
New Mexico,Lea,2024,364,255,104,5,0,150,44,0.7005494505494505,0.013736263736263736
New Mexico,Lincoln,2024,98,95,3,0,0,84,18,0.9693877551020408,0.0
New Mexico,Los Alamos,2024,96,96,0,0,0,41,16,1.0,0.0
New Mexico,Luna,2024,365,341,20,3,1,153,17,0.9342465753424658,0.010958904109589041
New Mexico,Rio Arriba,2024,358,251,104,3,0,108,45,0.7011173184357542,0.008379888268156424
New Mexico,San Juan,2024,366,218,137,11,0,115,48,0.5956284153005464,0.030054644808743168
New Mexico,Sandoval,2024,363,271,90,2,0,122,44,0.7465564738292011,0.005509641873278237
New Mexico,Santa Fe,2024,363,259,103,1,0,101,45,0.7134986225895317,0.0027548209366391185
New Mexico,Socorro,2024,100,100,0,0,0,47,16,1.0,0.0
New Mexico,Taos,2024,365,354,11,0,0,76,16,0.9698630136986301,0.0
New Mexico,Valencia,2024,358,300,56,2,0,105,43,0.8379888268156425,0.00558659217877095
New York,Albany,2024,366,280,85,1,0,105,36,0.7650273224043715,0.00273224043715847
New York,Bronx,2024,366,246,118,2,0,150,42,0.6721311475409836,0.00546448087431694
New York,Chautauqua,2024,363,326,36,1,0,105,36,0.8980716253443526,0.0027548209366391185
New York,Dutchess,2024,366,338,23,4,1,151,35,0.9234972677595629,0.01366120218579235
New York,Erie,2024,366,242,123,1,0,105,42,0.6612021857923497,0.00273224043715847
New York,Essex,2024,366,310,56,0,0,80,41,0.8469945355191257,0.0
New York,Hamilton,2024,348,340,8,0,0,74,33,0.9770114942528736,0.0
New York,Jefferson,2024,363,352,11,0,0,80,32,0.9696969696969697,0.0
New York,Kings,2024,366,253,113,0,0,98,39,0.6912568306010929,0.0
New York,Monroe,2024,366,271,95,0,0,90,38,0.7404371584699454,0.0
New York,New York,2024,366,258,105,3,0,150,42,0.7049180327868853,0.00819672131147541
New York,Niagara,2024,302,277,24,1,0,105,34,0.9172185430463576,0.0033112582781456954
New York,Oneida,2024,349,300,49,0,0,68,27,0.8595988538681948,0.0
New York,Onondaga,2024,365,317,48,0,0,84,35,0.8684931506849315,0.0
New York,Orange,2024,348,297,51,0,0,79,28,0.853448275862069,0.0
New York,Oswego,2024,359,353,6,0,0,61,32,0.9832869080779945,0.0
New York,Putnam,2024,362,335,20,7,0,136,33,0.925414364640884,0.019337016574585635
New York,Queens,2024,366,224,140,2,0,112,45,0.6120218579234973,0.00546448087431694
New York,Richmond,2024,365,304,58,3,0,140,36,0.8328767123287671,0.00821917808219178
New York,Rockland,2024,366,308,53,5,0,150,37,0.8415300546448088,0.01366120218579235
New York,Saratoga,2024,347,334,13,0,0,84,32,0.962536023054755,0.0
New York,Steuben,2024,365,321,44,0,0,68,37,0.8794520547945206,0.0
New York,Suffolk,2024,366,317,43,6,0,133,37,0.8661202185792349,0.01639344262295082
New York,Tompkins,2024,350,340,10,0,0,71,35,0.9714285714285714,0.0
New York,Wayne,2024,354,339,15,0,0,87,33,0.9576271186440678,0.0
New York,Westchester,2024,365,302,57,6,0,143,36,0.8273972602739726,0.01643835616438356
North Carolina,Alexander,2024,245,213,32,0,0,93,41,0.8693877551020408,0.0
North Carolina,Avery,2024,230,207,23,0,0,90,40,0.9,0.0
North Carolina,Buncombe,2024,365,245,120,0,0,81,43,0.6712328767123288,0.0
North Carolina,Caldwell,2024,237,221,16,0,0,87,40,0.9324894514767933,0.0
North Carolina,Carteret,2024,364,357,7,0,0,71,35,0.9807692307692307,0.0
North Carolina,Caswell,2024,244,225,19,0,0,84,38,0.9221311475409836,0.0
North Carolina,Catawba,2024,350,232,118,0,0,93,42,0.6628571428571428,0.0
North Carolina,Cumberland,2024,366,233,132,1,0,110,46,0.6366120218579235,0.00273224043715847
North Carolina,Davidson,2024,359,229,130,0,0,89,43,0.637883008356546,0.0
North Carolina,Durham,2024,366,170,196,0,0,97,51,0.4644808743169399,0.0
North Carolina,Edgecombe,2024,354,302,52,0,0,80,37,0.8531073446327684,0.0
North Carolina,Forsyth,2024,366,210,152,4,0,122,47,0.5737704918032787,0.01092896174863388
North Carolina,Graham,2024,251,199,52,0,0,90,44,0.7928286852589641,0.0
North Carolina,Granville,2024,244,206,37,1,0,101,42,0.8442622950819673,0.004098360655737705
North Carolina,Guilford,2024,366,249,116,1,0,122,44,0.680327868852459,0.00273224043715847
North Carolina,Haywood,2024,294,229,64,1,0,101,45,0.7789115646258503,0.003401360544217687
North Carolina,Hyde,2024,80,75,5,0,0,60,24,0.9375,0.0
North Carolina,Johnston,2024,365,261,104,0,0,84,43,0.7150684931506849,0.0
North Carolina,Lenoir,2024,308,295,13,0,0,77,34,0.9577922077922078,0.0
North Carolina,Lincoln,2024,243,223,20,0,0,80,40,0.9176954732510288,0.0
North Carolina,Macon,2024,362,348,14,0,0,71,34,0.9613259668508287,0.0
North Carolina,Martin,2024,305,304,1,0,0,61,31,0.9967213114754099,0.0
North Carolina,Mecklenburg,2024,366,169,193,3,1,156,51,0.46174863387978143,0.01092896174863388
North Carolina,Mitchell,2024,341,288,53,0,0,93,31,0.844574780058651,0.0
North Carolina,Montgomery,2024,366,257,109,0,0,83,42,0.7021857923497268,0.0
North Carolina,New Hanover,2024,363,293,70,0,0,97,39,0.8071625344352618,0.0
North Carolina,Northampton,2024,366,289,77,0,0,82,32,0.7896174863387978,0.0
North Carolina,Person,2024,243,225,18,0,0,77,39,0.9259259259259259,0.0
North Carolina,Pitt,2024,352,302,50,0,0,74,37,0.8579545454545454,0.0
North Carolina,Rockingham,2024,244,205,39,0,0,100,43,0.8401639344262295,0.0
North Carolina,Rowan,2024,364,252,112,0,0,97,44,0.6923076923076923,0.0
North Carolina,Swain,2024,366,305,61,0,0,83,38,0.8333333333333334,0.0
North Carolina,Union,2024,245,212,33,0,0,97,41,0.8653061224489796,0.0
North Carolina,Wake,2024,366,226,139,1,0,112,46,0.6174863387978142,0.00273224043715847
North Carolina,Yancey,2024,204,167,37,0,0,84,44,0.8186274509803921,0.0
North Dakota,Billings,2024,366,303,53,9,1,172,38,0.8278688524590164,0.0273224043715847
North Dakota,Burke,2024,365,304,51,9,1,178,38,0.8328767123287671,0.0273972602739726
North Dakota,Burleigh,2024,366,268,88,9,1,174,39,0.73224043715847,0.0273224043715847
North Dakota,Cass,2024,366,288,76,1,1,158,38,0.7868852459016393,0.00546448087431694
North Dakota,Dunn,2024,365,304,53,5,3,157,37,0.8328767123287671,0.021917808219178082
North Dakota,Mckenzie,2024,366,300,58,6,2,172,39,0.819672131147541,0.02185792349726776
North Dakota,Mercer,2024,366,304,56,4,2,167,37,0.8306010928961749,0.01639344262295082
North Dakota,Oliver,2024,366,299,60,5,2,162,38,0.8169398907103825,0.01912568306010929
North Dakota,Ward,2024,366,298,59,7,2,152,37,0.8142076502732241,0.02459016393442623
Ohio,Allen,2024,359,275,84,0,0,97,42,0.766016713091922,0.0
Ohio,Ashtabula,2024,245,205,38,2,0,108,41,0.8367346938775511,0.00816326530612245
Ohio,Athens,2024,364,330,34,0,0,64,28,0.9065934065934066,0.0
Ohio,Belmont,2024,366,289,77,0,0,77,32,0.7896174863387978,0.0
Ohio,Butler,2024,366,154,209,3,0,122,53,0.4207650273224044,0.00819672131147541
Ohio,Clark,2024,363,239,121,3,0,133,45,0.6584022038567493,0.008264462809917356
Ohio,Clermont,2024,360,305,52,3,0,119,39,0.8472222222222222,0.008333333333333333
Ohio,Clinton,2024,240,176,60,4,0,112,44,0.7333333333333333,0.016666666666666666
Ohio,Columbiana,2024,63,63,0,0,0,34,12,1.0,0.0
Ohio,Cuyahoga,2024,366,136,224,6,0,122,54,0.37158469945355194,0.01639344262295082
Ohio,Delaware,2024,242,200,41,1,0,105,42,0.8264462809917356,0.004132231404958678
Ohio,Franklin,2024,366,151,211,4,0,118,53,0.412568306010929,0.01092896174863388
Ohio,Geauga,2024,240,196,43,1,0,101,41,0.8166666666666667,0.004166666666666667
Ohio,Greene,2024,234,198,35,1,0,119,43,0.8461538461538461,0.004273504273504274
Ohio,Hamilton,2024,366,164,191,11,0,140,52,0.44808743169398907,0.030054644808743168
Ohio,Jefferson,2024,366,227,139,0,0,93,45,0.6202185792349727,0.0
Ohio,Knox,2024,245,208,36,1,0,101,41,0.8489795918367347,0.004081632653061225
Ohio,Lake,2024,365,272,89,4,0,136,41,0.7452054794520548,0.010958904109589041
Ohio,Lawrence,2024,366,264,102,0,0,99,43,0.7213114754098361,0.0
Ohio,Licking,2024,245,205,40,0,0,100,42,0.8367346938775511,0.0
Ohio,Lorain,2024,245,216,29,0,0,74,39,0.8816326530612245,0.0
Ohio,Lucas,2024,366,155,207,4,0,119,52,0.42349726775956287,0.01092896174863388
Ohio,Madison,2024,245,203,42,0,0,100,44,0.8285714285714286,0.0
Ohio,Mahoning,2024,361,239,122,0,0,93,44,0.6620498614958449,0.0
Ohio,Medina,2024,366,236,130,0,0,100,44,0.644808743169399,0.0
Ohio,Miami,2024,245,198,46,1,0,101,43,0.8081632653061225,0.004081632653061225
Ohio,Montgomery,2024,364,225,135,4,0,147,47,0.6181318681318682,0.01098901098901099
Ohio,Noble,2024,357,290,67,0,0,90,40,0.8123249299719888,0.0
Ohio,Portage,2024,245,187,56,2,0,108,43,0.763265306122449,0.00816326530612245
Ohio,Preble,2024,366,252,114,0,0,100,44,0.6885245901639344,0.0
Ohio,Scioto,2024,366,248,118,0,0,80,40,0.6775956284153005,0.0
Ohio,Stark,2024,366,192,174,0,0,93,48,0.5245901639344263,0.0
Ohio,Summit,2024,341,224,116,1,0,105,44,0.656891495601173,0.002932551319648094
Ohio,Trumbull,2024,366,226,140,0,0,97,45,0.6174863387978142,0.0
Ohio,Warren,2024,365,267,92,6,0,147,43,0.7315068493150685,0.01643835616438356
Ohio,Washington,2024,244,212,32,0,0,90,41,0.8688524590163934,0.0
Ohio,Wood,2024,245,203,41,1,0,101,41,0.8285714285714286,0.004081632653061225
Oklahoma,Adair,2024,366,209,153,4,0,138,47,0.5710382513661202,0.01092896174863388
Oklahoma,Canadian,2024,269,204,57,8,0,119,44,0.758364312267658,0.02973977695167286
Oklahoma,Carter,2024,363,217,132,14,0,143,48,0.5977961432506887,0.03856749311294766
Oklahoma,Cleveland,2024,359,177,173,9,0,126,51,0.49303621169916434,0.025069637883008356
Oklahoma,Comanche,2024,362,242,113,6,0,339,43,0.6685082872928176,0.016574585635359115
Oklahoma,Creek,2024,267,202,61,3,1,179,44,0.7565543071161048,0.0149812734082397
Oklahoma,Dewey,2024,366,221,139,6,0,112,47,0.6038251366120219,0.01639344262295082
Oklahoma,Grant,2024,98,80,18,0,0,86,33,0.8163265306122449,0.0
Oklahoma,Jefferson,2024,305,247,55,3,0,108,42,0.8098360655737705,0.009836065573770493
Oklahoma,Johnston,2024,257,192,62,3,0,119,44,0.7470817120622568,0.011673151750972763
Oklahoma,Kay,2024,356,223,128,4,1,193,42,0.6264044943820225,0.014044943820224719
Oklahoma,Mayes,2024,290,261,28,1,0,112,40,0.9,0.0034482758620689655
Oklahoma,Mcclain,2024,269,172,87,10,0,133,46,0.6394052044609665,0.03717472118959108
Oklahoma,Oklahoma,2024,366,172,183,11,0,147,52,0.46994535519125685,0.030054644808743168
Oklahoma,Osage,2024,290,223,62,5,0,112,44,0.7689655172413793,0.017241379310344827
Oklahoma,Ottawa,2024,366,181,184,0,0,288,51,0.49453551912568305,0.0
Oklahoma,Pittsburg,2024,362,198,162,2,0,105,48,0.5469613259668509,0.0055248618784530384
Oklahoma,Pontotoc,2024,289,207,81,1,0,101,43,0.7162629757785467,0.0034602076124567475
Oklahoma,Sequoyah,2024,366,252,114,0,0,97,44,0.6885245901639344,0.0
Oklahoma,Tulsa,2024,366,177,181,8,0,140,51,0.48360655737704916,0.02185792349726776
Oklahoma,Washington,2024,318,182,128,7,1,156,47,0.5723270440251572,0.025157232704402517
Oregon,Baker,2024,366,279,84,1,2,155,28,0.7622950819672131,0.00819672131147541
Oregon,Clackamas,2024,364,324,34,6,0,127,30,0.8901098901098901,0.016483516483516484
Oregon,Columbia,2024,364,354,10,0,0,74,26,0.9725274725274725,0.0
Oregon,Crook,2024,366,282,76,5,3,173,24,0.7704918032786885,0.02185792349726776
Oregon,Deschutes,2024,366,258,89,12,7,176,39,0.7049180327868853,0.05191256830601093
Oregon,Grant,2024,366,189,158,5,13,204,49,0.5163934426229508,0.04918032786885246
Oregon,Harney,2024,365,200,139,6,16,271,46,0.547945205479452,0.06027397260273973
Oregon,Jackson,2024,366,262,99,4,1,155,41,0.7158469945355191,0.01366120218579235
Oregon,Jefferson,2024,366,289,76,1,0,142,26,0.7896174863387978,0.00273224043715847
Oregon,Josephine,2024,366,284,74,8,0,146,29,0.7759562841530054,0.02185792349726776
Oregon,Klamath,2024,366,259,91,9,6,207,33,0.7076502732240437,0.040983606557377046
Oregon,Lake,2024,366,286,71,7,2,153,28,0.7814207650273224,0.02459016393442623
Oregon,Lane,2024,366,219,131,10,5,216,44,0.5983606557377049,0.040983606557377046
Oregon,Linn,2024,366,320,46,0,0,86,25,0.8743169398907104,0.0
Oregon,Marion,2024,366,298,64,4,0,129,35,0.8142076502732241,0.01092896174863388
Oregon,Multnomah,2024,366,311,55,0,0,93,35,0.8497267759562842,0.0
Oregon,Umatilla,2024,366,272,90,4,0,117,38,0.7431693989071039,0.01092896174863388
Oregon,Union,2024,366,303,61,2,0,128,23,0.8278688524590164,0.00546448087431694
Oregon,Wallowa,2024,355,283,71,1,0,125,23,0.7971830985915493,0.0028169014084507044
Oregon,Wasco,2024,364,317,47,0,0,93,23,0.8708791208791209,0.0
Oregon,Washington,2024,366,309,55,2,0,105,33,0.8442622950819673,0.00546448087431694
Pennsylvania,Adams,2024,366,231,132,3,0,131,44,0.6311475409836066,0.00819672131147541
Pennsylvania,Allegheny,2024,366,175,182,9,0,129,52,0.4781420765027322,0.02459016393442623
Pennsylvania,Armstrong,2024,365,275,89,1,0,108,41,0.7534246575342466,0.0027397260273972603
Pennsylvania,Beaver,2024,366,212,153,1,0,112,46,0.5792349726775956,0.00273224043715847
Pennsylvania,Berks,2024,366,254,110,2,0,105,43,0.6939890710382514,0.00546448087431694
Pennsylvania,Blair,2024,366,296,70,0,0,100,37,0.8087431693989071,0.0
Pennsylvania,Bradford,2024,363,298,65,0,0,75,37,0.8209366391184573,0.0
Pennsylvania,Bucks,2024,356,293,53,10,0,150,36,0.8230337078651685,0.028089887640449437
Pennsylvania,Cambria,2024,365,269,96,0,0,87,42,0.736986301369863,0.0
Pennsylvania,Centre,2024,366,287,79,0,0,97,40,0.7841530054644809,0.0
Pennsylvania,Chester,2024,363,264,96,3,0,143,41,0.7272727272727273,0.008264462809917356
Pennsylvania,Cumberland,2024,358,260,98,0,0,93,36,0.7262569832402235,0.0
Pennsylvania,Dauphin,2024,366,206,158,2,0,105,48,0.5628415300546448,0.00546448087431694
Pennsylvania,Delaware,2024,366,250,114,2,0,136,43,0.6830601092896175,0.00546448087431694
Pennsylvania,Elk,2024,358,343,15,0,0,67,34,0.9581005586592178,0.0
Pennsylvania,Erie,2024,366,295,71,0,0,93,38,0.8060109289617486,0.0
Pennsylvania,Fayette,2024,366,269,95,2,0,101,42,0.7349726775956285,0.00546448087431694
Pennsylvania,Franklin,2024,327,305,22,0,0,90,35,0.9327217125382263,0.0
Pennsylvania,Greene,2024,230,196,34,0,0,87,38,0.8521739130434782,0.0
Pennsylvania,Indiana,2024,357,291,66,0,0,74,37,0.8151260504201681,0.0
Pennsylvania,Lackawanna,2024,366,265,101,0,0,97,40,0.7240437158469946,0.0
Pennsylvania,Lancaster,2024,366,189,174,3,0,125,50,0.5163934426229508,0.00819672131147541
Pennsylvania,Lawrence,2024,31,31,0,0,0,31,24,1.0,0.0
Pennsylvania,Lebanon,2024,366,242,122,2,0,108,43,0.6612021857923497,0.00546448087431694
Pennsylvania,Lehigh,2024,353,267,84,2,0,119,39,0.7563739376770539,0.0056657223796034
Pennsylvania,Lycoming,2024,366,281,84,1,0,122,39,0.76775956284153,0.00273224043715847
Pennsylvania,Mercer,2024,366,274,92,0,0,97,40,0.7486338797814208,0.0
Pennsylvania,Monroe,2024,360,329,30,1,0,119,35,0.9138888888888889,0.002777777777777778
Pennsylvania,Montgomery,2024,365,266,98,1,0,140,40,0.7287671232876712,0.0027397260273972603
Pennsylvania,Northampton,2024,366,278,87,1,0,105,39,0.7595628415300546,0.00273224043715847
Pennsylvania,Philadelphia,2024,366,173,183,10,0,136,52,0.4726775956284153,0.0273224043715847
Pennsylvania,Somerset,2024,358,323,35,0,0,90,37,0.9022346368715084,0.0
Pennsylvania,Susquehanna,2024,358,321,37,0,0,64,25,0.8966480446927374,0.0
Pennsylvania,Tioga,2024,362,316,46,0,0,84,36,0.8729281767955801,0.0
Pennsylvania,Washington,2024,366,224,141,1,0,105,44,0.6120218579234973,0.00273224043715847
Pennsylvania,Westmoreland,2024,363,278,85,0,0,88,39,0.7658402203856749,0.0
Pennsylvania,Wyoming,2024,352,319,33,0,0,68,26,0.90625,0.0
Pennsylvania,York,2024,366,240,125,1,0,101,44,0.6557377049180327,0.00273224043715847
Puerto Rico,Bayamon,2024,314,268,45,1,0,124,27,0.8535031847133758,0.0031847133757961785
Puerto Rico,Caguas,2024,357,343,13,0,1,174,3,0.9607843137254902,0.0028011204481792717
Puerto Rico,Catano,2024,339,168,130,30,11,162,51,0.49557522123893805,0.12094395280235988
Puerto Rico,Fajardo,2024,106,88,18,0,0,84,28,0.8301886792452831,0.0
Puerto Rico,Guayama,2024,52,51,1,0,0,53,15,0.9807692307692307,0.0
Puerto Rico,Guaynabo,2024,115,91,24,0,0,81,31,0.7913043478260869,0.0
Puerto Rico,Mayagnez,2024,341,341,0,0,0,39,11,1.0,0.0
Puerto Rico,Ponce,2024,336,317,19,0,0,82,3,0.9434523809523809,0.0
Rhode Island,Kent,2024,357,332,25,0,0,97,31,0.9299719887955182,0.0
Rhode Island,Providence,2024,366,293,73,0,0,72,38,0.8005464480874317,0.0
Rhode Island,Washington,2024,358,316,39,3,0,147,35,0.88268156424581,0.008379888268156424
South Carolina,Aiken,2024,267,238,29,0,0,84,39,0.8913857677902621,0.0
South Carolina,Anderson,2024,255,213,41,1,0,115,43,0.8352941176470589,0.00392156862745098
South Carolina,Berkeley,2024,278,255,23,0,0,90,37,0.9172661870503597,0.0
South Carolina,Charleston,2024,366,269,97,0,0,77,43,0.7349726775956285,0.0
South Carolina,Chesterfield,2024,364,234,128,2,0,143,44,0.6428571428571429,0.005494505494505495
South Carolina,Darlington,2024,261,224,37,0,0,100,40,0.8582375478927203,0.0
South Carolina,Edgefield,2024,365,231,134,0,0,98,44,0.6328767123287671,0.0
South Carolina,Florence,2024,359,230,129,0,0,99,44,0.6406685236768802,0.0
South Carolina,Greenville,2024,363,198,165,0,0,99,48,0.5454545454545454,0.0
South Carolina,Horry,2024,364,287,77,0,0,87,40,0.7884615384615384,0.0
South Carolina,Richland,2024,366,210,155,1,0,141,47,0.5737704918032787,0.00273224043715847
South Carolina,Spartanburg,2024,363,188,171,4,0,112,49,0.5179063360881543,0.011019283746556474
South Carolina,York,2024,363,226,136,1,0,112,46,0.6225895316804407,0.0027548209366391185
South Dakota,Brookings,2024,366,292,72,2,0,111,36,0.7978142076502732,0.00546448087431694
South Dakota,Brown,2024,357,306,47,4,0,118,24,0.8571428571428571,0.011204481792717087
South Dakota,Clay,2024,366,289,75,2,0,137,39,0.7896174863387978,0.00546448087431694
South Dakota,Codington,2024,361,269,91,1,0,102,37,0.7451523545706371,0.002770083102493075
South Dakota,Custer,2024,366,276,81,9,0,126,44,0.7540983606557377,0.02459016393442623
South Dakota,Hughes,2024,363,340,23,0,0,69,8,0.9366391184573003,0.0
South Dakota,Jackson,2024,366,269,90,7,0,129,44,0.7349726775956285,0.01912568306010929
South Dakota,Meade,2024,366,266,93,6,1,154,45,0.726775956284153,0.01912568306010929
South Dakota,Minnehaha,2024,365,297,66,2,0,145,34,0.8136986301369863,0.005479452054794521
South Dakota,Pennington,2024,366,248,114,4,0,111,36,0.6775956284153005,0.01092896174863388
Tennessee,Anderson,2024,243,221,22,0,0,100,41,0.9094650205761317,0.0
Tennessee,Blount,2024,366,221,145,0,0,90,47,0.6038251366120219,0.0
Tennessee,Claiborne,2024,350,336,14,0,0,67,36,0.96,0.0
Tennessee,Davidson,2024,366,189,171,6,0,122,50,0.5163934426229508,0.01639344262295082
Tennessee,Dekalb,2024,336,312,24,0,0,77,38,0.9285714285714286,0.0
Tennessee,Dyer,2024,347,286,61,0,0,92,31,0.8242074927953891,0.0
Tennessee,Hamilton,2024,349,190,156,3,0,126,48,0.5444126074498568,0.008595988538681949
Tennessee,Jefferson,2024,244,222,21,1,0,105,40,0.9098360655737705,0.004098360655737705
Tennessee,Knox,2024,366,205,160,1,0,105,48,0.5601092896174863,0.00273224043715847
Tennessee,Lawrence,2024,360,272,88,0,0,84,38,0.7555555555555555,0.0
Tennessee,Loudon,2024,366,286,80,0,0,100,42,0.7814207650273224,0.0
Tennessee,Madison,2024,357,289,68,0,0,90,33,0.8095238095238095,0.0
Tennessee,Maury,2024,360,297,63,0,0,83,33,0.825,0.0
Tennessee,Mcminn,2024,356,281,75,0,0,89,32,0.7893258426966292,0.0
Tennessee,Montgomery,2024,361,302,59,0,0,79,32,0.8365650969529086,0.0
Tennessee,Putnam,2024,361,302,59,0,0,74,32,0.8365650969529086,0.0
Tennessee,Roane,2024,361,285,76,0,0,72,35,0.7894736842105263,0.0
Tennessee,Sevier,2024,362,289,73,0,0,93,44,0.7983425414364641,0.0
Tennessee,Shelby,2024,366,126,231,6,3,159,55,0.3442622950819672,0.02459016393442623
Tennessee,Sullivan,2024,361,285,76,0,0,97,41,0.7894736842105263,0.0
Tennessee,Sumner,2024,358,224,130,4,0,133,45,0.6256983240223464,0.0111731843575419
Tennessee,Williamson,2024,238,200,38,0,0,87,43,0.8403361344537815,0.0
Tennessee,Wilson,2024,245,216,29,0,0,100,41,0.8816326530612245,0.0
Texas,Atascosa,2024,347,198,141,8,0,116,44,0.5706051873198847,0.023054755043227664
Texas,Bell,2024,366,226,135,5,0,129,46,0.6174863387978142,0.01366120218579235
Texas,Bexar,2024,366,174,170,20,2,199,52,0.47540983606557374,0.060109289617486336
Texas,Bowie,2024,360,189,171,0,0,97,49,0.525,0.0
Texas,Brazoria,2024,365,303,56,5,1,164,37,0.8301369863013699,0.01643835616438356
Texas,Brazos,2024,353,232,120,1,0,102,39,0.6572237960339944,0.0028328611898017
Texas,Brewster,2024,327,231,94,2,0,112,43,0.7064220183486238,0.0061162079510703364
Texas,Cameron,2024,366,99,206,48,13,171,61,0.27049180327868855,0.16666666666666666
Texas,Collin,2024,365,283,71,8,3,161,40,0.7753424657534247,0.030136986301369864
Texas,Culberson,2024,94,83,11,0,0,88,27,0.8829787234042553,0.0
Texas,Dallas,2024,366,129,218,16,3,185,55,0.3524590163934426,0.05191256830601093
Texas,Denton,2024,366,210,128,25,3,187,47,0.5737704918032787,0.07650273224043716
Texas,Ector,2024,356,280,76,0,0,88,36,0.7865168539325843,0.0
Texas,El Paso,2024,366,81,222,51,7,431,67,0.22131147540983606,0.15846994535519127
Texas,Ellis,2024,362,323,38,1,0,101,36,0.8922651933701657,0.0027624309392265192
Texas,Galveston,2024,362,245,109,6,2,159,44,0.6767955801104972,0.022099447513812154
Texas,Gregg,2024,360,322,36,2,0,129,37,0.8944444444444445,0.005555555555555556
Texas,Harris,2024,366,50,269,33,13,201,61,0.1366120218579235,0.12568306010928962
Texas,Harrison,2024,365,233,129,0,1,263,44,0.6383561643835617,0.0027397260273972603
Texas,Hidalgo,2024,366,150,192,19,5,157,54,0.4098360655737705,0.06557377049180328
Texas,Hood,2024,344,274,64,5,1,154,40,0.7965116279069767,0.01744186046511628
Texas,Hunt,2024,362,324,36,2,0,133,37,0.8950276243093923,0.0055248618784530384
Texas,Jefferson,2024,366,137,221,8,0,143,53,0.3743169398907104,0.02185792349726776
Texas,Johnson,2024,350,286,54,10,0,129,39,0.8171428571428572,0.02857142857142857
Texas,Karnes,2024,363,363,0,0,0,33,7,1.0,0.0
Texas,Kaufman,2024,362,226,128,8,0,147,46,0.6243093922651933,0.022099447513812154
Texas,Kleberg,2024,349,204,141,4,0,121,43,0.5845272206303725,0.011461318051575931
Texas,Lubbock,2024,358,330,28,0,0,91,23,0.9217877094972067,0.0
Texas,Maverick,2024,341,233,108,0,0,100,37,0.6832844574780058,0.0
Texas,Mclennan,2024,365,126,234,5,0,133,53,0.3452054794520548,0.0136986301369863
Texas,Montgomery,2024,363,111,231,20,1,166,55,0.30578512396694213,0.05785123966942149
Texas,Navarro,2024,366,205,153,8,0,129,48,0.5601092896174863,0.02185792349726776
Texas,Nueces,2024,366,178,172,15,1,153,51,0.48633879781420764,0.04371584699453552
Texas,Orange,2024,366,238,125,3,0,119,44,0.6502732240437158,0.00819672131147541
Texas,Parker,2024,349,299,44,5,1,156,36,0.8567335243553008,0.017191977077363897
Texas,Polk,2024,350,338,12,0,0,93,33,0.9657142857142857,0.0
Texas,Potter,2024,336,294,41,1,0,138,29,0.875,0.002976190476190476
Texas,Randall,2024,360,283,75,2,0,108,43,0.7861111111111111,0.005555555555555556
Texas,Rockwall,2024,340,315,23,2,0,126,34,0.9264705882352942,0.0058823529411764705
Texas,Smith,2024,363,314,48,1,0,105,39,0.8650137741046832,0.0027548209366391185
Texas,Tarrant,2024,366,130,205,25,5,203,54,0.3551912568306011,0.08196721311475409
Texas,Travis,2024,366,156,203,7,0,141,52,0.4262295081967213,0.01912568306010929
Texas,Victoria,2024,355,324,29,2,0,105,35,0.9126760563380282,0.005633802816901409
Texas,Webb,2024,366,211,140,15,0,129,45,0.5765027322404371,0.040983606557377046
Texas,Wilson,2024,190,190,0,0,0,34,7,1.0,0.0
Utah,Box Elder,2024,366,214,147,5,0,133,47,0.5846994535519126,0.01366120218579235
Utah,Cache,2024,366,238,127,1,0,101,44,0.6502732240437158,0.00273224043715847
Utah,Carbon,2024,366,278,87,1,0,112,44,0.7595628415300546,0.00273224043715847
Utah,Davis,2024,366,234,117,15,0,133,46,0.639344262295082,0.040983606557377046
Utah,Duchesne,2024,366,225,136,3,2,165,47,0.6147540983606558,0.01366120218579235
Utah,Garfield,2024,102,99,3,0,0,61,11,0.9705882352941176,0.0
Utah,Grand,2024,365,246,117,2,0,105,47,0.673972602739726,0.005479452054794521
Utah,Iron,2024,365,303,62,0,0,100,43,0.8301369863013699,0.0
Utah,Salt Lake,2024,366,150,173,38,4,230,54,0.4098360655737705,0.11475409836065574
Utah,San Juan,2024,353,273,77,3,0,126,44,0.773371104815864,0.0084985835694051
Utah,Tooele,2024,366,227,127,12,0,143,46,0.6202185792349727,0.03278688524590164
Utah,Uintah,2024,366,218,141,7,0,133,48,0.5956284153005464,0.01912568306010929
Utah,Utah,2024,366,210,147,8,1,151,47,0.5737704918032787,0.02459016393442623
Utah,Wasatch,2024,153,138,14,1,0,108,37,0.9019607843137255,0.006535947712418301
Utah,Washington,2024,366,278,86,2,0,108,44,0.7595628415300546,0.00546448087431694
Utah,Wayne,2024,100,97,3,0,0,56,12,0.97,0.0
Utah,Weber,2024,366,243,117,6,0,122,45,0.6639344262295082,0.01639344262295082
Vermont,Bennington,2024,365,332,33,0,0,80,36,0.9095890410958904,0.0
Vermont,Chittenden,2024,366,323,43,0,0,84,37,0.8825136612021858,0.0
Vermont,Rutland,2024,366,291,75,0,0,86,37,0.7950819672131147,0.0
Vermont,Windham,2024,101,97,4,0,0,69,13,0.9603960396039604,0.0
Virgin Islands,St John,2024,87,73,14,0,0,93,20,0.8390804597701149,0.0
Virginia,Albemarle,2024,356,281,75,0,0,85,40,0.7893258426966292,0.0
Virginia,Arlington,2024,366,309,53,4,0,115,36,0.8442622950819673,0.01092896174863388
Virginia,Bristol City,2024,118,99,19,0,0,63,33,0.8389830508474576,0.0
Virginia,Caroline,2024,223,220,3,0,0,77,37,0.9865470852017937,0.0
Virginia,Carroll,2024,60,60,0,0,0,31,7,1.0,0.0
Virginia,Charles,2024,366,325,41,0,0,75,36,0.8879781420765027,0.0
Virginia,Chesterfield,2024,361,273,88,0,0,77,41,0.7562326869806094,0.0
Virginia,Fairfax,2024,366,263,100,3,0,112,42,0.7185792349726776,0.00819672131147541
Virginia,Fauquier,2024,232,226,6,0,0,64,36,0.9741379310344828,0.0
Virginia,Frederick,2024,355,264,90,1,0,102,41,0.7436619718309859,0.0028169014084507044
Virginia,Giles,2024,344,316,28,0,0,80,38,0.9186046511627907,0.0
Virginia,Hampton City,2024,366,293,73,0,0,90,39,0.8005464480874317,0.0
Virginia,Hanover,2024,245,228,17,0,0,74,39,0.9306122448979591,0.0
Virginia,Henrico,2024,366,289,76,1,0,112,41,0.7896174863387978,0.00273224043715847
Virginia,Hopewell City,2024,58,58,0,0,0,30,6,1.0,0.0
Virginia,Loudoun,2024,366,245,121,0,0,87,43,0.6693989071038251,0.0
Virginia,Lynchburg City,2024,118,102,16,0,0,61,28,0.864406779661017,0.0
Virginia,Madison,2024,351,313,38,0,0,90,41,0.8917378917378918,0.0
Virginia,Norfolk City,2024,366,314,52,0,0,82,32,0.8579234972677595,0.0
Virginia,Prince Edward,2024,365,358,7,0,0,64,33,0.9808219178082191,0.0
Virginia,Prince William,2024,366,339,27,0,0,87,35,0.9262295081967213,0.0
Virginia,Richmond City,2024,366,290,76,0,0,79,36,0.7923497267759563,0.0
Virginia,Roanoke,2024,366,306,60,0,0,68,39,0.8360655737704918,0.0
Virginia,Rockbridge,2024,264,253,11,0,0,64,37,0.9583333333333334,0.0
Virginia,Rockingham,2024,366,283,83,0,0,83,42,0.773224043715847,0.0
Virginia,Salem City,2024,119,99,20,0,0,67,32,0.8319327731092437,0.0
Virginia,Stafford,2024,362,353,9,0,0,90,35,0.9751381215469613,0.0
Virginia,Suffolk City,2024,245,232,13,0,0,71,37,0.9469387755102041,0.0
Virginia,Virginia Beach City,2024,366,294,72,0,0,81,36,0.8032786885245902,0.0
Virginia,Wythe,2024,245,236,9,0,0,67,41,0.963265306122449,0.0
Washington,Adams,2024,351,328,23,0,0,71,18,0.9344729344729344,0.0
Washington,Asotin,2024,361,224,131,2,4,196,42,0.6204986149584487,0.01662049861495845
Washington,Benton,2024,366,299,64,3,0,126,34,0.8169398907103825,0.00819672131147541
Washington,Chelan,2024,366,293,68,4,1,158,28,0.8005464480874317,0.01366120218579235
Washington,Clallam,2024,366,321,45,0,0,69,36,0.8770491803278688,0.0
Washington,Clark,2024,366,321,44,1,0,105,31,0.8770491803278688,0.00273224043715847
Washington,Columbia,2024,366,331,35,0,0,90,36,0.9043715846994536,0.0
Washington,Cowlitz,2024,366,349,17,0,0,67,22,0.953551912568306,0.0
Washington,Franklin,2024,347,313,34,0,0,75,20,0.9020172910662824,0.0
Washington,Garfield,2024,348,314,34,0,0,85,17,0.9022988505747126,0.0
Washington,Grant,2024,366,318,48,0,0,84,26,0.8688524590163934,0.0
Washington,Grays Harbor,2024,366,353,13,0,0,64,20,0.9644808743169399,0.0
Washington,Jefferson,2024,311,300,11,0,0,57,21,0.9646302250803859,0.0
Washington,King,2024,366,255,108,3,0,119,41,0.6967213114754098,0.00819672131147541
Washington,Kitsap,2024,351,341,10,0,0,69,19,0.9715099715099715,0.0
Washington,Kittitas,2024,366,320,46,0,0,94,23,0.8743169398907104,0.0
Washington,Klickitat,2024,89,84,5,0,0,64,16,0.9438202247191011,0.0
Washington,Lewis,2024,360,336,23,1,0,129,22,0.9333333333333333,0.002777777777777778
Washington,Mason,2024,366,341,25,0,0,73,21,0.9316939890710383,0.0
Washington,Okanogan,2024,366,225,140,1,0,102,38,0.6147540983606558,0.00273224043715847
Washington,Pacific,2024,330,329,1,0,0,54,16,0.996969696969697,0.0
Washington,Pierce,2024,366,265,100,0,1,166,44,0.7240437158469946,0.00273224043715847
Washington,Skagit,2024,366,357,9,0,0,59,26,0.9754098360655737,0.0
Washington,Snohomish,2024,366,262,104,0,0,99,38,0.7158469945355191,0.0
Washington,Spokane,2024,366,280,85,1,0,106,38,0.7650273224043715,0.00273224043715847
Washington,Stevens,2024,366,257,109,0,0,98,34,0.7021857923497268,0.0
Washington,Thurston,2024,362,338,24,0,0,85,26,0.9337016574585635,0.0
Washington,Walla Walla,2024,366,314,52,0,0,87,24,0.8579234972677595,0.0
Washington,Whatcom,2024,361,335,26,0,0,82,33,0.9279778393351801,0.0
Washington,Whitman,2024,366,310,56,0,0,97,20,0.8469945355191257,0.0
Washington,Yakima,2024,366,248,111,6,1,153,37,0.6775956284153005,0.01912568306010929
West Virginia,Berkeley,2024,275,217,58,0,0,97,42,0.7890909090909091,0.0
West Virginia,Brooke,2024,366,277,89,0,0,72,36,0.7568306010928961,0.0
West Virginia,Cabell,2024,366,253,113,0,0,87,43,0.6912568306010929,0.0
West Virginia,Greenbrier,2024,243,234,9,0,0,64,40,0.9629629629629629,0.0
West Virginia,Hancock,2024,364,262,102,0,0,97,41,0.7197802197802198,0.0
West Virginia,Harrison,2024,113,91,22,0,0,60,34,0.8053097345132744,0.0
West Virginia,Kanawha,2024,364,283,81,0,0,90,40,0.7774725274725275,0.0
West Virginia,Marion,2024,111,85,26,0,0,62,33,0.7657657657657657,0.0
West Virginia,Marshall,2024,359,267,92,0,0,81,39,0.7437325905292479,0.0
West Virginia,Monongalia,2024,267,211,56,0,0,93,43,0.7902621722846442,0.0
West Virginia,Ohio,2024,272,219,53,0,0,84,41,0.8051470588235294,0.0
West Virginia,Tucker,2024,360,343,17,0,0,71,37,0.9527777777777777,0.0
West Virginia,Wood,2024,280,219,60,1,0,101,43,0.7821428571428571,0.0035714285714285713
Wisconsin,Ashland,2024,364,331,32,1,0,101,34,0.9093406593406593,0.0027472527472527475
Wisconsin,Brown,2024,366,290,76,0,0,87,37,0.7923497267759563,0.0
Wisconsin,Columbia,2024,203,186,17,0,0,93,38,0.916256157635468,0.0
Wisconsin,Dane,2024,366,264,102,0,0,93,42,0.7213114754098361,0.0
Wisconsin,Dodge,2024,366,297,69,0,0,84,38,0.8114754098360656,0.0
Wisconsin,Door,2024,202,175,25,2,0,108,37,0.8663366336633663,0.009900990099009901
Wisconsin,Eau Claire,2024,366,299,66,1,0,142,38,0.8169398907103825,0.00273224043715847
Wisconsin,Fond Du Lac,2024,205,190,15,0,0,77,38,0.926829268292683,0.0
Wisconsin,Forest,2024,364,313,50,0,1,153,37,0.8598901098901099,0.0027472527472527475
Wisconsin,Grant,2024,366,263,103,0,0,82,36,0.7185792349726776,0.0
Wisconsin,Jackson,2024,277,238,39,0,0,95,27,0.8592057761732852,0.0
Wisconsin,Jefferson,2024,205,183,22,0,0,93,39,0.8926829268292683,0.0
Wisconsin,Kenosha,2024,366,267,88,11,0,143,41,0.7295081967213115,0.030054644808743168
Wisconsin,Kewaunee,2024,197,170,26,1,0,105,39,0.8629441624365483,0.005076142131979695
Wisconsin,La Crosse,2024,205,197,8,0,0,67,37,0.9609756097560975,0.0
Wisconsin,Manitowoc,2024,204,172,26,6,0,129,39,0.8431372549019608,0.029411764705882353
Wisconsin,Marathon,2024,366,311,54,0,1,151,37,0.8497267759562842,0.00273224043715847
Wisconsin,Milwaukee,2024,366,251,109,6,0,147,43,0.6857923497267759,0.01639344262295082
Wisconsin,Monroe,2024,288,258,30,0,0,90,23,0.8958333333333334,0.0
Wisconsin,Outagamie,2024,366,291,75,0,0,99,37,0.7950819672131147,0.0
Wisconsin,Ozaukee,2024,366,296,61,7,2,161,37,0.8087431693989071,0.02459016393442623
Wisconsin,Racine,2024,205,156,38,10,1,151,42,0.7609756097560976,0.05365853658536585
Wisconsin,Rock,2024,205,171,32,2,0,112,41,0.8341463414634146,0.00975609756097561
Wisconsin,Sauk,2024,366,312,54,0,0,77,37,0.8524590163934426,0.0
Wisconsin,Sheboygan,2024,205,166,30,7,2,166,40,0.8097560975609757,0.04390243902439024
Wisconsin,Taylor,2024,366,357,9,0,0,80,34,0.9754098360655737,0.0
Wisconsin,Vilas,2024,204,197,7,0,0,93,37,0.9656862745098039,0.0
Wisconsin,Walworth,2024,206,169,37,0,0,100,42,0.8203883495145631,0.0
Wisconsin,Waukesha,2024,366,260,105,1,0,101,43,0.7103825136612022,0.00273224043715847
Wyoming,Albany,2024,366,190,163,12,1,187,50,0.5191256830601093,0.03551912568306011
Wyoming,Big Horn,2024,353,315,36,2,0,119,39,0.8923512747875354,0.0056657223796034
Wyoming,Campbell,2024,366,232,129,3,2,161,44,0.6338797814207651,0.01366120218579235
Wyoming,Carbon,2024,356,356,0,0,0,35,8,1.0,0.0
Wyoming,Converse,2024,366,300,53,11,2,185,41,0.819672131147541,0.03551912568306011
Wyoming,Fremont,2024,366,210,151,5,0,139,49,0.5737704918032787,0.01366120218579235
Wyoming,Johnson,2024,364,327,36,1,0,112,40,0.8983516483516484,0.0027472527472527475
Wyoming,Laramie,2024,366,271,91,3,1,151,45,0.7404371584699454,0.01092896174863388
Wyoming,Lincoln,2024,366,340,26,0,0,77,31,0.9289617486338798,0.0
Wyoming,Natrona,2024,366,282,78,6,0,136,43,0.7704918032786885,0.01639344262295082
Wyoming,Park,2024,355,322,33,0,0,88,13,0.9070422535211268,0.0
Wyoming,Platte,2024,366,325,32,6,1,927,19,0.8879781420765027,0.01912568306010929
Wyoming,Sheridan,2024,366,281,69,9,6,205,44,0.76775956284153,0.040983606557377046
Wyoming,Sublette,2024,366,244,115,7,0,115,46,0.6666666666666666,0.01912568306010929
Wyoming,Sweetwater,2024,366,247,109,10,0,137,45,0.674863387978142,0.0273224043715847
Wyoming,Teton,2024,366,276,88,2,0,138,44,0.7540983606557377,0.00546448087431694
Wyoming,Uinta,2024,297,297,0,0,0,44,7,1.0,0.0
Wyoming,Washakie,2024,329,309,20,0,0,83,8,0.939209726443769,0.0
Wyoming,Weston,2024,365,320,40,5,0,136,39,0.8767123287671232,0.0136986301369863
